,Goods Location,Product Name,Discount Price,Product Price,Product Discount,Reviews
0,,"Apple IPhone 12 Pro Max - 6.7-Inch - 128GB ROM, 6GB RAM - 2815mAh","₦ 880,000",,,
1,,Apple Pencil 2 (2nd Generation),"₦ 205,000",,,3.8 out of 5(8)
2,,"Apple IPhone 13 Pro Max 6.7"" Super Retina XDR Display With ProMotion, (6GB RAM + 512GB ROM), IOS 15, 5G, FaceTime - Gold","₦ 1,500,000",,,4 out of 5(2)
3,,"Apple Iphone Charger USB-C For IPhone 11 12 13  14,","₦ 5,990","₦ 16,790",,4.1 out of 5(46)
4,,Apple IPhone 16 Pro Max - 256GB - Black Titanium,"₦ 2,650,999","₦ 2,999,999",,
5,,"Apple IPhone 11 Pro Max (4GBRAM, 256GB ROM) 4G Midnight Green","₦ 765,000",,,5 out of 5(3)
6,,"Apple IPhone 14 Pro Max 6.7"" 128GB ROM, 6GB RAM - IOS 16 - Silver","₦ 1,480,000",,,
7,,"Apple IPhone 14 Pro Max 6.7"" (128GB ROM + 6GB RAM) Nano Sim-Silver","₦ 1,450,000",,,
8,,"Apple IPhone 14 Pro Max 6.7"" (256GB ROM + 6GB RAM) Nano Sim-Purple","₦ 1,550,000",,,
9,,"Apple IPHONE 11 PRO MAX 6.5"" (12+12+12PM) 256/4GB Matte Space Gray","₦ 751,000",,,
10,,"Apple IPhone 13 Pro 5G - 6.1"" 128GB ROM, 6GB ROM - Silver","₦ 980,000",,,4 out of 5(1)
11,,"Apple IPhone 15 Pro Max 6.7"" 256GB Nano Sim - Natural Titanium","₦ 1,915,999","₦ 4,999,999",,
12,,"Apple IPhone XR - 6.1"" - 64GB ROM, 3GB RAM, 2942mAh - Blue","₦ 760,000",,,
13,,"Apple IPhone 13 - 6.1"" - 128GB ROM, 4GB RAM, 3240mAh - Green","₦ 790,000",,,3 out of 5(2)
14,,"Apple IPhone 12 Pro Max - 6.7"" 128GB ROM, 6GB RAM, 3687mAh - Blue","₦ 880,000",,,5 out of 5(1)
15,,"Apple Iphone Charger USB-C For IPhone 11 12 13  14,","₦ 5,990","₦ 16,790",,4.2 out of 5(6)
16,,"Apple IPhone 13 Pro Max - 6.7"" 256GB ROM, 6GB RAM, 4352mA -Silver","₦ 1,230,000",,,
17,,"Apple IPhone 15 Pro Max 6.7""1TB IOS 17 5G - Blue Titanium","₦ 2,650,999","₦ 4,999,999",,
18,,"Apple IPhone 12 Pro - 6.1"" 128GB ROM, 6GB ROM 5G - Graphite","₦ 765,000",,,
19,,"Apple IPhone 12 Pro Max - 6.7"" 256GB ROM, 6GB RAM, 3687mAh - Gold","₦ 920,000",,,5 out of 5(2)
20,,"Apple IPhone 13 Pro 5G - 6.1"" 128GB ROM, 6GB ROM - Green","₦ 950,000",,,4 out of 5(1)
21,,Apple IPhone 12 Pro - 6.1 Inches - 128GB ROM - 6GB RAM - 2815mAh,"₦ 760,000",,,
22,,"Apple IPhone 15 Pro Max 6.7"" 1TB IOS 17 - White Titanium","₦ 2,650,999","₦ 4,999,999",,
23,,"Apple IPhone 11 Pro Max 6.5-Inch (4GB RAM, 64GB ROM ),iOS 13, (12MP+12MP+12MP)+12MP 4G LTE Smartphone - Space Grey","₦ 755,000",,,
24,,"Apple IPhone 14 Pro Max 6.7"" 256GB ROM, 6GB RAM - IOS 16 - Silver","₦ 1,550,000",,,
25,,"Apple IPhone 11 6.1-Inch Liquid Retina LCD (4GB RAM, 64GB ROM) IOS 13, (12MP+12MP)+12MP 4G LTE Smartphone-Nano Sim-PURPLE","₦ 755,000",,,
26,,Apple AirPods Pro (2nd Generation) USB‑C - White,"₦ 550,000","₦ 599,000",,5 out of 5(4)
27,,Apple Iphone XS Max 64gb Silver Free Pouch And Tempered Glass,"₦ 420,000",,,
28,,"Apple IPhone 11 Pro Max 6.5-Inch Super Retina (4GB RAM, 64GB ROM),iOS 4G LTE Smartphone - Gold","₦ 755,000",,,5 out of 5(3)
29,,"Apple IPhone 12 Pro - 6.1"" 128GB ROM, 6GB ROM 5G - Silver","₦ 765,000",,,
30,,"Apple IPad Pro 11"" Wi-Fi + Cellular 512GB M4 - Space Black 2024","₦ 2,520,999","₦ 5,999,999",,5 out of 5(1)
31,,"Apple IPhone 13 Pro 5G - 6.1"" 128GB ROM, 6GB ROM - Blue","₦ 980,000",,,
32,,"Apple IPHONE 12 PRO MAX  6.7"" (12PM+12PM+12PM) 256+6GB RAM 3687mAh","₦ 950,000",,,5 out of 5(1)
33,,"Apple IPhone 13 - 6.1"" - 128GB ROM, 4GB RAM, 3240mAh - White","₦ 790,000",,,4 out of 5(4)
34,,"Apple IPhone 14 Pro Max 6.7"" (256GB ROM + 6GB RAM) Nano Sim- Black","₦ 1,550,000",,,
35,,Apple Air Pro (PROMO PRICE)- 2ND GEN - White,"₦ 25,000","₦ 50,000",,4.3 out of 5(16)
36,,"Apple IPhone 15 Pro Max 6.7"" 512GB Nano-SIM 5G - Natural Titanium","₦ 2,100,000",,,
37,,Apple 20Watts USB-C Power Adapter - 3 Pins,"₦ 38,999","₦ 50,999",,5 out of 5(27)
38,,"Apple IPhone 14 Pro 6.1"" (128GB ROM + 6GB RAM) Nano Sim - Purple","₦ 1,350,000",,,
39,,Apple IPad Charger 20W USB Type C To IPhone 12 /11/X /Pro Max Fast Charger,"₦ 5,990","₦ 29,808",,3.7 out of 5(3)
40,,"Apple IPhone 13 6.1"" , (4GB RAM + 128GB ROM), IOS 15 - Blue","₦ 790,000",,,
41,,"Apple IPhone 14 Pro Max 6.7"" (256GB ROM + 6GB RAM) Nano Sim-Silver","₦ 1,550,000",,,
42,,"Apple IPhone 13 - 6.1"" - 128GB ROM, 4GB RAM, 3240mAh - Red","₦ 790,000",,,
43,,"Apple IPhone 12 Pro Max 5G - 6.7"" (256GB/6GB) + Powerbank - Silver","₦ 960,000",,,
44,,"Apple IPhone 13 6.1"" , (4GB RAM + 128GB ROM), IOS 15 - Pink","₦ 790,000",,,
45,,"Apple IPhone 15 Pro Max 6.7"" 256GB IOS 17 - Natural Titanium","₦ 1,800,000","₦ 3,560,000",,5 out of 5(1)
46,,"Apple IPhone XR - 6.1"" - 3GB RAM, 128GB ROM, 4G, 2942mAh - Blue","₦ 760,000",,,
47,,"Apple IPhone 13 Pro 5G - 6.1"" 128GB ROM, 6GB ROM - Gold","₦ 980,000",,,
48,,Apple Airpods With Magsafe Charging Case (3rd Generation) - White,"₦ 399,000","₦ 499,000",,4.7 out of 5(3)
49,,"Apple IPhone 11 6.1-Inch Liquid Retina (4GB RAM, 128GB ROM) Purple","₦ 570,000",,,4.7 out of 5(3)
50,,Apple IPhone 12 Pro - 6.1 Inches - 256GB ROM - 6GB RAM - 2815mAh,"₦ 780,000",,,
51,,"Apple IPhone 13 Pro Max - 6.7"" 128GB ROM, 6GB ROM 5G - Silver","₦ 1,180,000",,,
52,,"Apple IPhone 14 Pro Max 6.7"" 128GB ROM, 6GB RAM - IOS 16 - Gold","₦ 1,480,000",,,
53,,"Apple IPhone 13 - 6.1"" - 4GB RAM, 128GB ROM, 3240mAh - Midnight","₦ 790,000",,,4 out of 5(1)
54,,"Apple IPhone 12, 6.1-Inch 128GB ROM 5G  - Pacific Blue  Power Bank","₦ 685,000",,,4.2 out of 5(9)
55,,"Apple IPhone XR - 6.1"" - 128GB ROM, 3GB RAM, 2942mAh - Coral","₦ 760,000",,,
56,,"Apple IPhone 15 Pro 6.1"" 256GB A17 - Natural Titanium","₦ 2,100,999","₦ 2,999,999",,5 out of 5(2)
57,,"Apple IPad Pro 11"" M4 Wi-Fi + Cellular 1TB  - Space Black 2024","₦ 3,400,999","₦ 5,999,999",,
58,,"Apple IPhone 14 Pro 6.1"" (256GB ROM + 6GB RAM) Nano Sim - Purple","₦ 1,400,000",,,
59,,"Apple IPHONE 12 PRO MAX  6.7"" (12PM+12PM+12PM) 128+6GB RAM 3687mAh","₦ 896,000",,,4 out of 5(1)
60,,"Apple IPHONE 11 PRO MAX 6.5"" (12PM+12PM+12PM) 256/4GB 3969mAh","₦ 751,000",,,
61,,"Apple IPhone 14 Pro Max 6.7"" (256GB ROM + 6GB RAM) Nano Sim - Gold","₦ 1,550,000",,,
62,,"Apple IPhone 14 Pro Max 6.7"" 128GB ROM, 6GB RAM - Deep Purple","₦ 1,480,000",,,
63,,"Apple IPhone 14 Pro 6.1"" (256GB ROM + 6GB RAM) Nano Sim - Silver","₦ 1,400,000",,,
64,,"Apple IPhone 14 Pro 6.1"" (256GB ROM + 6GB RAM) Nano Sim - Gold","₦ 1,400,000",,,
65,,"Apple IPhone 12 Pro - 6.1"" -5G - 256GB ROM + 6GB RAM- Pacific Blue","₦ 780,000",,,4 out of 5(1)
66,,"Apple 20000mah WIRELESS CHARGER Portable Magnetic Fast Wireless Charging Power Bank For IPhone X 11 12 13 14 15 PRO MAX, ","₦ 32,000","₦ 44,000",,
67,,"Apple IPhone 14 Pro 6.1"" (128GB ROM + 6GB RAM) Nano Sim - Gold","₦ 1,380,000",,,
68,,"Apple IPhone 15 Plus  6.7"" 512GB Super Retina XDR - Black","₦ 1,999,999","₦ 4,999,999",,
69,,"Apple iPad 10th Gen 10.9"" Wi-Fi + Cellular 64GB - Blue","₦ 999,999","₦ 2,999,999",,
70,,"Apple IPhone 15 Pro Max 6.7"" 512GB - Blue Titanium","₦ 2,399,999","₦ 3,999,999",,
71,,"Apple IPhone 13 Pro Max - 6.7"" 256GB ROM, 6GB RAM, 4352mA -Green","₦ 1,230,000",,,
72,,"Apple iPhone 15 6.1"" 6GB RAM/128GB ROM iOS 17 - Blue","₦ 1,350,999","₦ 2,999,999",,
73,,"Apple IPhone 11 Pro Max 6.5-Inch Super Retina (4GB RAM, 256GB ROM),iOS 4G LTE Smartphone - Gold","₦ 765,000",,,
74,,"Apple IPhone 13 - 6.1"" - 4GB RAM, 128GB ROM, 3240mAh - Pink","₦ 790,000",,,
75,,"Apple IPhone 12 Pro Max 5G - 6.7"" 256GB ROM, 6GB ROM - Silver","₦ 950,000",,,
76,,Apple Air Pro (PROMO PRICE)- 2ND GEN - White,"₦ 50,000","₦ 100,000",,
77,,"Apple IPHONE 11 PRO MAX 256/4GB (12PM+12PM+12PM) 6.5"" 3969mAh","₦ 751,000",,,
78,,"Apple IPhone 15 Plus 6.7"" 512GB Super Retina XDR - Blue","₦ 1,999,999","₦ 4,999,999",,
79,,"Apple IPad 10.2"" 9th Gen Wi-Fi Only 256GB - Space Grey","₦ 799,999","₦ 1,500,999",,4.7 out of 5(3)
80,,"Apple IPhone 15 Pro Max 6.7"" 512GB - Blue Titanium","₦ 2,399,999","₦ 3,999,999",,
81,,"Apple IPhone 13 Pro Max - 6.7"" 256GB ROM, 6GB RAM, 4352mA -Green","₦ 1,230,000",,,
82,,"Apple iPhone 15 6.1"" 6GB RAM/128GB ROM iOS 17 - Blue","₦ 1,350,999","₦ 2,999,999",,
83,,"Apple IPhone 11 Pro Max 6.5-Inch Super Retina (4GB RAM, 256GB ROM),iOS 4G LTE Smartphone - Gold","₦ 765,000",,,
84,,"Apple IPhone 13 - 6.1"" - 4GB RAM, 128GB ROM, 3240mAh - Pink","₦ 790,000",,,
85,,"Apple IPhone 12 Pro Max 5G - 6.7"" 256GB ROM, 6GB ROM - Silver","₦ 950,000",,,
86,,Apple Air Pro (PROMO PRICE)- 2ND GEN - White,"₦ 50,000","₦ 100,000",,
87,,"Apple IPHONE 11 PRO MAX 256/4GB (12PM+12PM+12PM) 6.5"" 3969mAh","₦ 751,000",,,
88,,"Apple IPhone 15 Plus 6.7"" 512GB Super Retina XDR - Blue","₦ 1,999,999","₦ 4,999,999",,
89,,"Apple IPad 10.2"" 9th Gen Wi-Fi Only 256GB - Space Grey","₦ 799,999","₦ 1,500,999",,4.7 out of 5(3)
90,,Apple iPhone X-64GB-Space Gray,"₦ 375,430","₦ 440,277",,
91,,Apple Airtag 1 Pack  - Bluetooth Tracker,"₦ 55,999","₦ 100,999",,5 out of 5(3)
92,,"Apple IPhone XR - 6.1"" - 3GB RAM, 128GB ROM, 4G, 2942mAh - Black","₦ 760,000",,,
93,,"Apple IPad 10th Gen 10.9"" Wi-Fi + Cellular 64GB - Blue","₦ 999,999","₦ 2,999,999",,4.5 out of 5(2)
94,,"Apple 10000mah Original wireless Magnetic Battery Pack Power Bank For IPhones,x,11,12,13,14,15,and 16  ","₦ 27,111","₦ 35,000",,
95,,"Apple IPhone 14 Pro Max - 6.7"" 256GB/6GB, Nano Sim - Silver","₦ 1,500,000",,,
96,,"Apple iPhone 11 -128GB, Green","₦ 554,613","₦ 883,967",,
97,,"Apple iPhone 11 ,128GB, Black","₦ 554,613","₦ 610,927",,
98,,"Apple iPhone 11 Pro -64GB, Space Gray","₦ 585,330","₦ 610,927",,
99,,"Apple iPhone 7, 128GB, Black","₦ 191,128","₦ 204,780",,
100,,"Apple IPhone XR - 6.1"" - 128GB ROM, 3GB RAM, 2942mAh - Blue","₦ 760,000",,,
101,,"Apple iPhone 12, 128GB -Blue ,5G","₦ 668,000","₦ 684,700",,
102,,"Apple IPhone 15 Pro 6.1"" (256GB ROM + 8GB RAM) Nano Sim - Natural","₦ 1,750,000",,,
103,,Apple Magic Keyboard - IPad Pro 11 (M4) British English - Black,"₦ 599,999","₦ 1,099,999",,5 out of 5(2)
104,,"Apple IPhone 14 Pro Max 6.7"" 256GB ROM, 6GB RAM - Deep Purple","₦ 1,550,000",,,
105,,"Apple IPhone 14 Pro 6.1"" (128GB ROM + 6GB RAM) Nano Sim - Silver","₦ 1,380,000",,,
106,,"Apple iPhone 15 Pro Max 6.7"" 256GB/8GB RAM Physical & eSim","₦ 1,997,999","₦ 3,500,000",,
107,,"Apple IPhone 15 Pro Max 6.7"" 512GB Nano-SIM & Esim 5G - White","₦ 2,100,000",,,
108,,"Apple IPhone 11 - 6.1"" - 4GB RAM, 64GB ROM, 3110mAh - Purple","₦ 790,000",,,
109,,"Apple Watch Ultra 2 GPS + Cellular, 49mm Titanium Case With Olive Alpine Loop - Large 2023","₦ 1,300,999","₦ 2,999,999",,
110,,"Apple IPad Pro 11"" M4 - Wi-Fi 256GB - Space Black - 2024 - LATEST MODEL","₦ 1,950,999","₦ 5,999,999",,
111,,"Apple iPhone XR, 64GB-Blue","₦ 452,223","₦ 491,472",,
112,,Apple IPhone 16 Pro  - 512gb,"₦ 2,500,000","₦ 3,500,000",,
113,,"Apple IPhone XS Max - 6.5"" 256GB ROM, 4GB RAM, 3174mAh - Gold","₦ 760,000",,,
114,,Apple  iPhone XS Max 256GB- Gold,"₦ 597,275","₦ 662,122",,
115,,"Apple IPhone12 Pro Max - 6.7"" 128GB ROM, 6GB ROM 5G - Graphite","₦ 890,000",,,4.7 out of 5(3)
116,,Apple iPhone 7  128GB-Gold,"₦ 191,128","₦ 196,248",,
117,,"Apple iPhone 15 Pro 6.1"" 6GB RAM/128GB ROM iOS 17 - Physical & eSim","₦ 1,549,999","₦ 2,900,000",,
118,,Apple Magic Keyboard - IPad Pro 13 (M4) British English - Black,"₦ 699,999","₦ 1,099,999",,5 out of 5(1)
119,,"Apple IPhone 11 Pro Max 6.5-Inch (4GB RAM, 256GB ROM ),iOS 13, (12MP+12MP+12MP)+12MP 4G LTE Smartphone - Space Grey","₦ 775,000",,,5 out of 5(1)
120,,"Apple IPhone 13 6.1"" , (4GB RAM + 128GB ROM), IOS 15 - White","₦ 790,000",,,
121,,"Apple IPad Pro 11"" M4 Wi-Fi + Cellular 512GB - Silver 2024","₦ 2,630,999","₦ 5,999,999",,
122,,"Apple iPhone 11 ,128GB, purple","₦ 554,613","₦ 559,732",,
123,,Apple Pencil (USB-C)MUWA3AM/A,"₦ 185,000",,,
124,,"Apple IPhone 11 Pro Max - 6.5"" - 4GB RAM, 256GB ROM - Space Gray","₦ 760,000",,,4 out of 5(1)
125,,"Apple iPhone 8 -64GB,Space Gray","₦ 249,149","₦ 389,082",,
126,,"Apple IPhone 13 Pro 5G - 6.1"" 128GB ROM, 6GB ROM - Graphite","₦ 980,000",,,
127,,"Apple IPhone 14 Pro Max 6.7"" (128GB ROM + 6GB RAM) Nano Sim - Gold","₦ 1,490,000",,,
128,,Apple Watch Series 10 With Sport Band (GPS) 46mm - Black,"₦ 950,000","₦ 999,000",,
129,,"Apple IPhone 11 Pro Max - 6.5"" - 4GB RAM, 256GB ROM - Gold","₦ 760,000",,,
130,,"Apple IPhone 14 Pro Max 6.7"" (128GB ROM + 6GB RAM) Nano Sim-Purple","₦ 1,490,000",,,
131,,Apple IPhone 15 Pro Max 1TB -Titanium - WHITE,"₦ 2,650,999","₦ 4,999,999",,
132,,"Apple IPhone 11 - 6.1"" 128GB ROM, 4GB RAM, 3110mAh - Purple","₦ 790,000",,,
133,,"Apple IPhone 12 Pro Max 5G - 6.7"" 256GB ROM, 6GB ROM - Graphite","₦ 930,000",,,
134,,Apple IPhone 11. 6.1-Inch 128GB ROM 4G LTE Single Nano SIM - Black,"₦ 570,000",,,4.5 out of 5(4)
135,,"Apple iPhone 11 Pro - 5.8"" - 64gb Rom - 4gb Ram - 4g Lte - Single Sim & eSIM - ","₦ 755,999","₦ 990,000",,
136,,"Apple IPhone XR - 6.1"" - 64GB ROM, 3GB RAM, 2942mAh - Black","₦ 760,000",,,
137,,"Apple IPhone 15 Pro Max 6.7"" 512GB Nano-SIM 5G - Blue","₦ 2,100,000",,,
138,,"Apple IPHONE 12 PRO  (6.1 INCH)  5G (6GB RAM, 256GB ROM) - Blue","₦ 780,000",,,4 out of 5(1)
139,,Apple Air Pro With Magsafe Charging Case (3rd Generation) - White,"₦ 27,000","₦ 38,000",,5 out of 5(1)
140,,"Apple IPhone 12 Pro Max 5G - 6.7"" (256GB/6GB) + Powerbank-Graphite","₦ 935,000",,,
141,,Apple AirPods Max - Sky Blue,"₦ 950,000","₦ 1,199,000",,
142,,"Apple IPhone 13 - 6.1"" - 128GB ROM, 4GB RAM, 3240mAh","₦ 790,000",,,5 out of 5(2)
143,,"Apple IPhone 14 Pro Max 6.7"" (128GB ROM + 6GB RAM) Nano Sim- Black","₦ 1,490,000",,,
144,,"Apple iPhone 15 Pro 6.1"" 6GB RAM/256GB ROM iOS 17 - Physical & eSim","₦ 1,749,999","₦ 2,999,000",,
145,,"Apple IPhone 12 Pro Max 5G - 6.7"" (256GB/6GB) + Powerbank - Gold","₦ 930,000",,,
146,,"Apple IPhone 13 - 6.1"" - 128GB ROM, 4GB RAM, 3240mAh - Blue","₦ 790,000",,,
147,,"Apple IPhone 14 Pro Max 6.7"" (256GB ROM + 6GB RAM) Nano Sim- Black","₦ 1,550,000",,,
148,,"Apple IPhone 12 Pro Max  6.7"" (12PM+12PM+12PM) 128+6GB RAM 3687mAh","₦ 895,000",,,
149,,"Apple IPhone 12 Pro - 6.1"" - 5G -128GB ROM + 6GB RAM- Pacific Blue","₦ 755,000",,,2 out of 5(1)
150,,"Apple iPhone 8 -256GB,Space Gray","₦ 298,638","₦ 440,277",,
151,,"Apple iPhone 11 Pro - 5.8"" - 256gb Rom - 4gb Ram - 4g Lte - Single Sim & eSIM.,","₦ 751,999","₦ 990,000",,
152,,Apple IPhone 12 Pro - 6.1 Inches - 256GB ROM - 6GB RAM - 2815mAh,"₦ 785,000",,,
153,,"Apple IPhone XR - 6.1"" - 3GB RAM, 64GB ROM, 4G, 2942mAh - Coral","₦ 760,000",,,
154,,"Apple IPhone 12 Pro Max 5G - 6.7"" 256GB ROM, 6GB ROM - Gold","₦ 930,000",,,
155,,"Apple Watch Ultra 2 GPS + Cellular, 49mm Titanium Case With Olive Alpine Loop - Medium - 2023","₦ 1,300,999","₦ 2,999,999",,
156,,"Apple IPhone XS Max - 6.5"" - 4GB RAM, 256GB ROM, 3174mAh - Gold","₦ 760,000",,,
157,,"Apple IPhone 13 Pro 5G - 6.1"" 128GB ROM, 6GB ROM - Sierra Blue","₦ 980,000",,,
158,,"Apple IPhone 14 Pro 6.1"" (128GB ROM + 6GB RAM) Nano Sim - Black","₦ 1,350,000",,,
159,,"Apple IPhone XR - 6.1"" - 3GB RAM, 128GB ROM, 4G, 2942mAh - Black","₦ 760,000",,,
160,,"Apple Watch Ultra 2 GPS + Cellular, 49mm Titanium Case BLACK - M/L- 2024","₦ 1,699,999","₦ 2,999,999",,
161,,"Apple IPHONE 11 PRO MAX 6.5"" (12PM+12PM+12PM) 256/4GB 3969mAh","₦ 751,000",,,
162,,"Apple IPhone 13 Pro Max - 6.7"" - 6GB RAM, 128GB ROM, 5G - Gold","₦ 1,100,000",,,
163,,"Apple IPhone 12 Pro Max 6.7"" (12PM+12PM+12PM) 256+6GB RAM 3687mAh","₦ 950,000",,,
164,,"Apple iPhone 13 - 6.1""- 1sim+ E-sim - 4gb Ram - 256gb Rom - Super Retina Xdr Oled. Blue","₦ 899,999","₦ 1,200,000",,
165,,Apple IPhone 15 Pro 128GB - 5G - Blue Titanium,"₦ 1,848,000","₦ 3,000,000",,
166,,"Apple iPad 10th Gen 10.9"" Wi-Fi + Cellular 64GB - Silver","₦ 999,999","₦ 2,999,999",,
167,,Apple Iphone 13Promax ,"₦ 890,000",,,
168,,"Apple IPhone 13 6.1"" , (4GB RAM + 128GB ROM), IOS 15 - Midnight","₦ 790,000",,,
169,,Apple Watch Magnetic Fast Charger To USB-C Cable (1m),"₦ 59,900","₦ 65,000",,
170,,Apple iWatch SE (2nd Gen),"₦ 465,500",,,
171,,"Apple iPhone 13 Pro Max- 6GB RAM - 256GB ROM - 6.7"" Super Retina Oled -a15 Ios - Face Id - 1 Sim+e-sim","₦ 1,259,999","₦ 2,200,000",,
172,,Apple IPhone 16 Pro Max 256GB DESERT - Titanium,"₦ 2,650,999","₦ 2,999,999",,
173,,Apple IPhone 15 Pro Max (1TB) - IOS 17 - 5G - Blue Titanium,"₦ 2,650,999","₦ 4,999,999",,
174,,"Apple IPhone 13 6.1"" 4GB RAM/128GB ROM IOS 15 - Midnight Black","₦ 600,000","₦ 1,200,000",,
175,,"Apple IPHONE 11 PRO MAX 256/4GB (12PM+12PM+12PM) 6.5"" 3969mAh","₦ 751,000",,,
176,,"Apple iPhone 13 - 6.1""- 1sim+ E-sim - 4gb Ram - 256gb Rom - Super Retina Xdr Oled. ","₦ 899,400","₦ 1,200,000",,
177,,"Apple IPhone XR - 6.1"" - 64GB ROM, 3GB RAM, 2942mAh - Coral","₦ 760,000",,,
178,,"Apple IPhone 15 Pro Max 6.7"" 512GB Nano-SIM 5G - Black","₦ 2,100,000",,,
179,,"Apple IPhone 11 Pro Max (4GB RAM, 256GB ROM),iOS 4G LTE Midnight Green","₦ 775,000",,,5 out of 5(1)
180,,"Apple IPhone 14 Pro 6.1"" (256GB ROM + 6GB RAM) Nano Sim - Black","₦ 1,400,000",,,
181,,"Apple IPhone 14 Pro Max 6.7"" (128GB ROM + 6GB RAM) Nano Sim- Black","₦ 1,480,000",,,
182,,"Apple iPhone 13 - 6.1""- 1sim+ E-sim - 4gb Ram - 128gb Rom - Super Retina Xdr Oled","₦ 870,000","₦ 1,100,000",,
183,,"Apple IPhone 13 - 6.1"" - 4GB RAM, 128GB ROM, 3240mAh - Starlight","₦ 790,000",,,
184,,"Apple iPhone 15 Pro Max 6.7"" 256GB/8GB RAM Physical & eSim","₦ 1,997,999","₦ 3,500,000",,
185,,Apple Airpos 2nd Generation,"₦ 27,000","₦ 38,000",,5 out of 5(1)
186,,"Apple IPad Mini - Wi-Fi - 8GB RAM, 128GB, 8.3"" BLUE - 2024","₦ 999,999","₦ 2,999,999",,
187,,"Apple IPhone 15 Pro 6.1"" (256GB ROM + 8GB RAM) Nano Sim - Black","₦ 1,750,000",,,
188,,"Apple IPhone 15 Pro 6.1"" (256GB ROM + 8GB RAM) Nano Sim - White","₦ 1,750,000",,,
189,,"Apple IPhone 11 Pro Max - 6.5"" - 4GB RAM, 64GB ROM - Gold","₦ 760,000",,,
190,,Apple Replacement Battery For IPhone 11,"₦ 24,990","₦ 25,000",,1 out of 5(1)
191,,"Apple IPhone 12 - 6.1"" - 64GB ROM - 4GB RAM - 5g - Nano Sim - Purple","₦ 751,999","₦ 800,000",,
192,,"Apple IPhone XR - 6.1"" - 64GB ROM, 3GB RAM, 2942mAh - Black","₦ 760,000",,,
193,,"Apple IPhone12 Pro Max - 6.7"" 128GB ROM, 6GB ROM 5G - Silver","₦ 920,000",,,
194,,"Apple IPhone 11 - 6.1"" 128GB ROM, 4GB RAM, 3110mAh - Green","₦ 790,000",,,
195,,"Apple IPhone 15 Pro 6.1"" (128GB ROM + 8GB RAM) Nano Sim - White","₦ 1,650,000",,,
196,,"Apple IPhone 11 Pro Max (4GB RAM, 256GB ROM),iOS 4G LTE Midnight Green","₦ 765,000",,,5 out of 5(2)
197,,"Apple IPhone 12 Pro Max 5G - 6.7"" (256GB/6GB) + Powerbank - Blue","₦ 930,000",,,
198,,"Apple Type Z FOR Charger 35W USB Type C To IPhone 14 13,12 /11/X /Pro Max Fast Charger","₦ 8,000","₦ 13,500",,
199,,"Apple IPhone 15 Plus (512GB) - 6.7"" Super Retina XDR - BLUE","₦ 1,999,999","₦ 4,999,999",,
200,,"Apple IPHONE 11 PRO MAX 256/4GB (12PM+12PM+12PM) 6.5"" 3969mAh","₦ 751,000",,,
201,,"Apple iPhone 13 - 6.1""- 1sim+ E-sim - 4gb Ram - 256gb Rom - Super Retina Xdr Oled. ","₦ 899,400","₦ 1,200,000",,
202,,"Apple IPhone XR - 6.1"" - 64GB ROM, 3GB RAM, 2942mAh - Coral","₦ 760,000",,,
203,,"Apple IPhone 15 Pro Max 6.7"" 512GB Nano-SIM 5G - Black","₦ 2,100,000",,,
204,,"Apple IPhone 11 Pro Max (4GB RAM, 256GB ROM),iOS 4G LTE Midnight Green","₦ 775,000",,,5 out of 5(1)
205,,"Apple IPhone 14 Pro 6.1"" (256GB ROM + 6GB RAM) Nano Sim - Black","₦ 1,400,000",,,
206,,"Apple IPhone 14 Pro Max 6.7"" (128GB ROM + 6GB RAM) Nano Sim- Black","₦ 1,480,000",,,
207,,"Apple iPhone 13 - 6.1""- 1sim+ E-sim - 4gb Ram - 128gb Rom - Super Retina Xdr Oled","₦ 870,000","₦ 1,100,000",,
208,,"Apple IPhone 13 - 6.1"" - 4GB RAM, 128GB ROM, 3240mAh - Starlight","₦ 790,000",,,
209,,"Apple iPhone 8 -256GB,Space Gray","₦ 298,638","₦ 320,822",,
210,,"Apple iPhone 15 Pro Max 6.7"" 256GB/8GB RAM Physical & eSim","₦ 1,997,999","₦ 3,500,000",,
211,,Apple Airpos 2nd Generation,"₦ 27,000","₦ 38,000",,5 out of 5(1)
212,,"Apple IPad Mini - Wi-Fi - 8GB RAM, 128GB, 8.3"" BLUE - 2024","₦ 999,999","₦ 2,999,999",,
213,,"Apple IPhone 15 Pro 6.1"" (256GB ROM + 8GB RAM) Nano Sim - Black","₦ 1,750,000",,,
214,,"Apple IPhone 15 Pro 6.1"" (256GB ROM + 8GB RAM) Nano Sim - White","₦ 1,750,000",,,
215,,"Apple iPhone 8 Plus ,256GB  -Gold","₦ 320,822","₦ 491,472",,
216,,"Apple IPhone 11 Pro Max - 6.5"" - 4GB RAM, 64GB ROM - Gold","₦ 760,000",,,
217,,Apple Replacement Battery For IPhone 11,"₦ 24,990","₦ 25,000",,1 out of 5(1)
218,,"Apple IPhone 12 - 6.1"" - 64GB ROM - 4GB RAM - 5g - Nano Sim - Purple","₦ 751,999","₦ 800,000",,
219,,"Apple IPhone XR - 6.1"" - 64GB ROM, 3GB RAM, 2942mAh - Black","₦ 760,000",,,
220,,Apple iPhone 8 Plus 64GB - Gold,"₦ 271,334","₦ 286,692",,
221,,"Apple IPhone12 Pro Max - 6.7"" 128GB ROM, 6GB ROM 5G - Silver","₦ 920,000",,,
222,,"Apple IPhone 11 - 6.1"" 128GB ROM, 4GB RAM, 3110mAh - Green","₦ 790,000",,,
223,,"Apple IPhone 15 Pro 6.1"" (128GB ROM + 8GB RAM) Nano Sim - White","₦ 1,650,000",,,
224,,"Apple IPhone 11 Pro Max (4GB RAM, 256GB ROM),iOS 4G LTE Midnight Green","₦ 765,000",,,5 out of 5(2)
225,,"Apple IPhone 12 Pro Max 5G - 6.7"" (256GB/6GB) + Powerbank - Blue","₦ 930,000",,,
226,,"Apple Type Z FOR Charger 35W USB Type C To IPhone 14 13,12 /11/X /Pro Max Fast Charger","₦ 8,000","₦ 13,500",,
227,,"Apple IPhone 15 Plus (512GB) - 6.7"" Super Retina XDR - BLUE","₦ 1,999,999","₦ 4,999,999",,
228,,"Apple IPhone 11 - 6.1"" 64GB ROM, 4GB RAM, 3110mAh - White","₦ 790,000",,,
229,,"Apple IPhone11 Pro Max (4GBRAM, 256GB ROM) 4G LTE Smartphone-Gold","₦ 760,000",,,4 out of 5(1)
230,,"Apple iPhone 13 Pro Max- 6GB RAM - 256GB ROM - 6.7"" Super Retina Oled -a15 Ios - Face Id - 1 Sim+e-sim","₦ 1,259,999","₦ 2,200,000",,
231,,"Apple IPhone XR - 6.1"" - 128GB ROM, 3GB RAM, 2942mAh - Black","₦ 760,000",,,
232,,"Apple IPhone 13 6.1"" , (4GB RAM + 128GB ROM), IOS 15 - Green","₦ 790,000",,,
233,,"Apple IPhone 14 Pro Max 6.7"" - Physical + eSim (256GB ROM + 6GB RAM) Nano Sim","₦ 1,500,000","₦ 2,900,000",,
234,,"Apple Super Fast Reliable Fast Charging  Cable IPhones/5,6,7,8,14","₦ 3,489","₦ 97,600",,1 out of 5(1)
235,,"Apple iPhone 11 Pro Max - 6.5"" - Single And E-sim - 4gb Ram - 64gb Rom 4g Lte 3969mah","₦ 751,000","₦ 1,000,000",,
236,,"Apple IPhone 13 Pro Max - 6.7"" 256GB ROM, 6GB RAM,4352mAh-Graphite","₦ 1,230,000",,,
237,,Apple IPhone 15 Pro 256gb - Nano Sim - Black Titanium,"₦ 1,850,000",,,
238,,"Apple IPHONE 11 PRO MAX 6.5"" (12PM+12PM+12PM) 256/4GB 3969mAh","₦ 751,000",,,
239,,"Apple IPhone XR - 6.1"" - 3GB RAM, 64GB ROM, 4G, 2942mAh - Blue","₦ 760,000",,,
240,,Apple Watch Magnetic Charging Cable (1m),"₦ 49,900","₦ 59,900",,
241,,"Apple IPhone 13 - 6.1"" - 128GB ROM, 4GB RAM, 3240mAh - Pink","₦ 790,000",,,5 out of 5(1)
242,,"Apple IPhone XR - 6.1"" - 3GB RAM, 128GB ROM, 4G, 2942mAh - Coral","₦ 760,000",,,
243,,"Apple IPhone 12 Pro Max - 6.7-Inch - 128GB ROM, 6GB RAM - 2815mAh","₦ 880,000",,,3 out of 5(1)
244,,"Apple iPhone 15 6.1"" 6GB RAM/256GB ROM IOS 17 -physical & eSim","₦ 1,520,000","₦ 2,500,000",,
245,,Apple MagSafe To MagSafe 2 Converter,"₦ 11,999","₦ 20,999",,3 out of 5(1)
246,,Apple Replacement Battery For IPhone 11 Pro,"₦ 24,990","₦ 25,000",,3 out of 5(1)
247,,"Apple IPhone 15 Pro 6.1"" (128GB ROM + 8GB RAM) Nano Sim - Black","₦ 1,650,000",,,
248,,"Apple iPhone 15 Pro 6.1"" 6GB RAM/256GB ROM iOS 17 - Physical & eSim","₦ 1,749,999","₦ 2,999,000",,
249,,Apple IPhone 16 Pro Max 512GB - Natural Titanium,"₦ 2,750,999","₦ 2,999,999",,
250,,"Apple IPhone 12 PRO MAX (6.7 INCH) (6GB RAM, 256GB ROM) 5G - GOLD","₦ 920,000",,,
251,,"Apple IPHONE 12 PRO MAX  6.7"" (12PM+12PM+12PM) 256+6GB RAM 3687mAh","₦ 950,000",,,
252,,"Apple iPhone 13 Pro Max- 6GB RAM - 256GB ROM - 6.7"" Super Retina Oled -a15 Ios - Face Id - 1 Sim+e-sim","₦ 1,259,999","₦ 2,200,000",,
253,,"Apple IPhone 12 PRO MAX (6.7 INCH) (6GB RAM, 256GB ROM) 5G","₦ 920,000",,,
254,,"Apple IPhone 12 Pro Max - 6.7"" - 256GB ROM, 6GB RAM - IOS 14.","₦ 920,000",,,5 out of 5(1)
255,,"Apple IPhone 12 Pro Max - 6.7"" - 6GB RAM, 128GB ROM, 5G - Blue","₦ 880,000",,,
256,,"Apple IPhone XS Max - 6.5"" - 4GB RAM, 64GB ROM, 3174mAh - Gold","₦ 760,000",,,
257,,Apple IPad Air 13 Inch M2 Chip WiFi 128GB - Space Grey 2024,"₦ 2,555,999","₦ 4,999,999",,
258,,"Apple IPhone 13 Pro 5G - 6.1"" 128GB ROM, 6GB ROM - Sierra Blue","₦ 980,000",,,
259,,"Apple IPhone XS Max - 6.5"" 64GB ROM, 4GB RAM, 3174mAh - Gold","₦ 760,000",,,
260,,"Apple IPad Air 13"" M2 256GB With Wi-Fi + Cellular - Starlight","₦ 1,950,000",,,
261,,"Apple IPHONE 11 - 6.1""  128/4GB RAM (12MP+12MP) 3110mAh Red","₦ 750,000",,,
262,,"Apple iPhone 12 Pro - 128gb Rom - 6gb Ram - 5g - 6.1"" - Ios 14.1 - 1 Sim & E-sim","₦ 776,999","₦ 1,000,000",,
263,,"Apple IPhone 13 Pro Max - 6.7"" - 6GB RAM, 256GB ROM, 5G - Blue","₦ 1,200,000",,,5 out of 5(2)
264,,"Apple IPad Air 13"" M2 128GB  With Wi-Fi + Cellular - Starlight","₦ 1,750,000",,,
265,,"Apple IPad Air 11"" M2 256GB With Wi-Fi + Cellular - Starlight","₦ 1,900,000",,,
266,,"Apple IPhone XR - 6.1"" - 3GB RAM, 64GB ROM, 4G, 2942mAh - Black","₦ 760,000",,,
267,,"Apple IPhone 12 - 6.1"" - 4GB RAM, 64GB ROM, 5G, 2815mAh - Green","₦ 760,000",,,
268,,"Apple IPhone 12 PRO MAX (6.7 INCH) (6GB RAM, 256GB ROM) 5G","₦ 920,000",,,
269,,"Apple IPhone 11 - 6.1"" - 4GB RAM, 64GB ROM, 3110mAh - White","₦ 790,000",,,
270,,"Apple IPhone 13Pro   6.7"" 256GB/6GB, Nano Sim -Silver","₦ 1,050,000",,,
271,,"Apple IPhone 15 Pro 6.1""  512GB IOS 17 5G - White Titanium","₦ 2,520,999","₦ 2,999,999",,
272,,Apple Air Pro (PROMO PRICE)- 2ND GEN - White,"₦ 80,000","₦ 160,000",,
273,,Apple USB-C To Lightning Cable (2m),"₦ 55,999","₦ 70,999",,
274,,Apple Air Pro (PROMO PRICE)- 2ND GEN - White,"₦ 75,000","₦ 150,000",,
275,,"Apple IPhone 13 Pro Max - 6.7"" 128GB ROM, 6GB RAM,4352mAh-Graphite","₦ 1,100,000",,,5 out of 5(1)
276,,"Apple IPHONE 11 PRO MAX 256/4GB (12PM+12PM+12PM) 6.5"" 3969mAh","₦ 751,000",,,
277,,Apple IPhone 16 Pro Max 512GB - Titanium - BLACK,"₦ 2,750,999","₦ 2,999,999",,
278,,Apple Watch Series 10 With Sport Band (GPS) 42mm -Black,"₦ 850,000","₦ 900,000",,
279,,"Apple IPhone 12 - 6.1"" 64GB ROM, 4GB RAM, 2815mAh - White","₦ 760,000",,,
280,,Apple IPhone 16 Pro Max 512GB - Natural Titanium,"₦ 2,750,999","₦ 2,999,999",,
281,,"Apple IPhone 12 PRO MAX (6.7 INCH) (6GB RAM, 256GB ROM) 5G - GOLD","₦ 920,000",,,
282,,"Apple IPHONE 12 PRO MAX  6.7"" (12PM+12PM+12PM) 256+6GB RAM 3687mAh","₦ 950,000",,,
283,,"Apple iPhone 13 Pro Max- 6GB RAM - 256GB ROM - 6.7"" Super Retina Oled -a15 Ios - Face Id - 1 Sim+e-sim","₦ 1,259,999","₦ 2,200,000",,
284,,"Apple IPhone 12 PRO MAX (6.7 INCH) (6GB RAM, 256GB ROM) 5G","₦ 920,000",,,
285,,"Apple IPhone 12 Pro Max - 6.7"" - 256GB ROM, 6GB RAM - IOS 14.","₦ 920,000",,,5 out of 5(1)
286,,"Apple IPhone 12 Pro Max - 6.7"" - 6GB RAM, 128GB ROM, 5G - Blue","₦ 880,000",,,
287,,"Apple IPhone XS Max - 6.5"" - 4GB RAM, 64GB ROM, 3174mAh - Gold","₦ 760,000",,,
288,,Apple IPad Air 13 Inch M2 Chip WiFi 128GB - Space Grey 2024,"₦ 2,555,999","₦ 4,999,999",,
289,,"Apple IPhone 13 Pro 5G - 6.1"" 128GB ROM, 6GB ROM - Sierra Blue","₦ 980,000",,,
290,,"Apple IPhone XS Max - 6.5"" 64GB ROM, 4GB RAM, 3174mAh - Gold","₦ 760,000",,,
291,,"Apple IPad Air 13"" M2 256GB With Wi-Fi + Cellular - Starlight","₦ 1,950,000",,,
292,,"Apple IPHONE 11 - 6.1""  128/4GB RAM (12MP+12MP) 3110mAh Red","₦ 750,000",,,
293,,"Apple iPhone 12 Pro - 128gb Rom - 6gb Ram - 5g - 6.1"" - Ios 14.1 - 1 Sim & E-sim","₦ 776,999","₦ 1,000,000",,
294,,"Apple IPhone 13 Pro Max - 6.7"" - 6GB RAM, 256GB ROM, 5G - Blue","₦ 1,200,000",,,5 out of 5(2)
295,,"Apple IPad Air 13"" M2 128GB  With Wi-Fi + Cellular - Starlight","₦ 1,750,000",,,
296,,"Apple IPad Air 11"" M2 256GB With Wi-Fi + Cellular - Starlight","₦ 1,900,000",,,
297,,"Apple IPhone XR - 6.1"" - 3GB RAM, 64GB ROM, 4G, 2942mAh - Black","₦ 760,000",,,
298,,"Apple IPhone 12 - 6.1"" - 4GB RAM, 64GB ROM, 5G, 2815mAh - Green","₦ 760,000",,,
299,,"Apple IPhone 12 PRO MAX (6.7 INCH) (6GB RAM, 256GB ROM) 5G","₦ 920,000",,,
300,,Apple iPhone 8- 256GB Gold,"₦ 298,638","₦ 486,353",,
301,,"Apple IPhone 11 - 6.1"" - 4GB RAM, 64GB ROM, 3110mAh - White","₦ 790,000",,,
302,,"Apple IPhone 13Pro   6.7"" 256GB/6GB, Nano Sim -Silver","₦ 1,050,000",,,
303,,"Apple IPhone 15 Pro 6.1""  512GB IOS 17 5G - White Titanium","₦ 2,520,999","₦ 2,999,999",,
304,,Apple Air Pro (PROMO PRICE)- 2ND GEN - White,"₦ 80,000","₦ 160,000",,
305,,Apple USB-C To Lightning Cable (2m),"₦ 55,999","₦ 70,999",,
306,,Apple Air Pro (PROMO PRICE)- 2ND GEN - White,"₦ 75,000","₦ 150,000",,
307,,"Apple IPhone 13 Pro Max - 6.7"" 128GB ROM, 6GB RAM,4352mAh-Graphite","₦ 1,100,000",,,5 out of 5(1)
308,,"Apple IPHONE 11 PRO MAX 256/4GB (12PM+12PM+12PM) 6.5"" 3969mAh","₦ 751,000",,,
309,,Apple IPhone 16 Pro Max 512GB - Titanium - BLACK,"₦ 2,750,999","₦ 2,999,999",,
310,,Apple Watch Series 10 With Sport Band (GPS) 42mm -Black,"₦ 850,000","₦ 900,000",,
311,,"Apple IPhone 12 - 6.1"" 64GB ROM, 4GB RAM, 2815mAh - White","₦ 760,000",,,
312,,"Apple IPhone XS Max - 6.5"" - 4GB RAM, 64GB ROM, 3174mAh - Gold","₦ 760,000",,,
313,,"Apple iPhone 11 Pro - 5.8"" - 64gb Rom - 4gb Ram - 4g Lte - Single Sim & eSIM,,","₦ 769,999","₦ 900,000",,
314,,"Apple iPhone 15 Pro 6.1"" 6GB RAM/256GB ROM iOS 17 - Physical & eSim","₦ 1,749,999","₦ 2,999,000",,
315,,"Apple IPhone 13 Pro Max - 6.7"" - 6GB RAM, 256GB ROM, 5G - Graphite","₦ 1,200,000",,,
316,,"Apple IPHONE 12 PRO  (6.1 INCH)  5G (6GB RAM, 128GB ROM)- Gold","₦ 760,000",,,
317,,"Apple IPad Air 11"" M2 128G With Wi-Fi + Cellular - Space Gray","₦ 1,700,000",,,
318,,"Apple IPhone 13 Pro Max 6.7"" - 256GB ROM + 6GB RAM - IOS 15, 5G","₦ 1,230,000",,,
319,,"Apple iPhone 12 Pro - 256gb Rom - 6gb Ram - 5g - 6.1"" - Ios 14.1 - 1 Sim & E-sim","₦ 798,999","₦ 1,100,000",,
320,,"Apple iPhone 13 - 6.1""- 1sim+ E-sim - 4gb Ram - 256gb Rom - Super Retina Xdr Oled. Pink","₦ 898,999","₦ 1,200,000",,
321,,Apple Replacement Battery For IPhone 11 Pro Max,"₦ 21,990","₦ 25,000",,
322,,"Apple IPhone 14 Pro Max 6.7"" 256GB/6GB Nano Sim - Black","₦ 1,500,000",,,
323,,Apple IPhone 14 Pro Max Leather Case With MagSafe - Midnight,"₦ 75,000","₦ 110,000",,
324,,"Apple IPhone 13 Pro Max 6.7"" - 256GB ROM + 6GB RAM - IOS 15, 5G","₦ 1,230,000",,,
325,,"Apple IPhone 13 Pro Max 6.7"" - 256GB ROM + 6GB RAM - IOS 15, 5G","₦ 1,230,000",,,
326,,"Apple IPhone 13 Pro  6.7"" 256GB/6GB, Nano Sim - Graphite","₦ 1,050,000",,,
327,,Apple Thunderbolt To Firewire Adapter,"₦ 24,999","₦ 25,999",,3.4 out of 5(5)
328,,"Apple iPhone 13 Pro Max- 6GB RAM - 128GB ROM - 6.7"" Super Retina Oled -a15 Ios - Face Id - 1 Sim+e-sim","₦ 1,199,999","₦ 2,000,000",,
329,,"Apple IPhone 13 Pro  6.7"" 128GB/6GB, Nano Sim - Gold","₦ 940,000",,,
330,,"Apple IPhone 13 Pro Max - 6.7"" 256GB ROM, 6GB RAM, 4352mAh - Blue","₦ 1,200,000",,,
331,,"Apple IPhone 11 - 6.1"" 64GB ROM, 4GB RAM, 3110mAh - Green","₦ 790,000",,,
332,,"Apple IPhone 12 Pro Max- 128GB, 6GB RAM, 6.7-Inch - 12MP+12MP+12MP","₦ 880,000",,,
333,,"Apple IPhone 13 Pro  6.7"" 256GB/6GB, Nano Sim - Green","₦ 1,050,000",,,
334,,"Apple IPhone12 Pro Max - 6.7"" 128GB ROM, 6GB ROM 5G - Blue","₦ 890,000",,,
335,,"Apple iPhone 11 Pro - 5.8"" - 64gb Rom - 4gb Ram - 4g Lte - Single Sim & eSIM","₦ 755,000","₦ 990,000",,
336,,Apple 14 Pro Max Charger - Type C - 3pin - 35w,"₦ 12,000",,,
337,,"Apple IPad Pro 13"" M4 With Wi-Fi + Cellular - 512GB - Space Black","₦ 2,700,000",,,
338,,"Apple IPhone 15 Pro 6.1"" (128GB ROM + 8GB RAM) Nano Sim - Natural","₦ 1,650,000",,,
339,,Apple Iphone 7Plus Black Pre-Used 5.5inch Original Phone 128GB 256GB Smartphones Legit Phone Mobile Phone 99%new,"₦ 415,548",,,
340,,"Apple iPad 10.2"" 9th Gen Wi-Fi Cellular 256GB - Space Grey","₦ 1,290,999","₦ 1,551,999",,
341,,"Apple IPhone 12 Pro Max  6.7"" (12PM+12PM+12PM) 128+6GB RAM 3687mAh","₦ 895,000",,,
342,,Apple Magic Keyboard - IPad Pro 13 (M4) - British English - Black,"₦ 575,999","₦ 1,099,999",,
343,,"Apple iPhone 15 Pro 6.1"" 6GB RAM/128GB ROM iOS 17 - Physical & eSim","₦ 1,549,999","₦ 2,900,000",,
344,,"Apple IPhone 14 Pro 6.1"" - Physical + eSim (256GB ROM + 6GB RAM) Nano Sim","₦ 1,478,200","₦ 2,300,000",,
345,,"Apple IPhone 12 - 6.1"" 128GB ROM, 4GB RAM, 2815mAh - Green","₦ 760,000",,,
346,,"Apple IPHONE 11 PRO MAX 6.5"" (12MP+12PM+12PM) 256/4GB Matte Gold","₦ 751,000",,,
347,,"Apple IPhone 13 Pro Max - 6.7"" 256GB ROM, 6GB RAM, 4352mA - Gold","₦ 1,230,000",,,4.5 out of 5(2)
348,,"Apple IPhone 13 Pro 5G - 6.1"" 128GB ROM, 6GB ROM - Gold","₦ 980,000",,,
349,,"Apple IPhone 14 Pro Max 6.7"" - Physical + ESim (128GB ROM + 6GB RAM) Nano Sim","₦ 1,479,500","₦ 2,500,000",,
350,,Apple Air Pro (PROMO PRICE)- 2ND GEN TYPE C - White,"₦ 250,000","₦ 500,000",,
351,,"Apple iPhone 13 - 6.1""- 1sim+ E-sim - 4gb Ram - 256gb Rom - Super Retina Xdr Oled","₦ 899,999","₦ 1,200,000",,
352,,"Apple IPhone 12 Pro Max - 6.7-Inch - 128GB ROM, 6GB RAM - IOS 14","₦ 880,000",,,
353,,"Apple IPhone 13 Pro Max - 6.7"" 256GB ROM, 6GB RAM, 4352mAh - Gold","₦ 1,200,000",,,
354,,"Apple iPhone 13 Pro Max- 6GB RAM - 256GB ROM - 6.7"" Super Retina Oled -a15 Ios - Face Id - 1 Sim+e-sim","₦ 1,259,999","₦ 2,300,000",,
355,,"Apple IPHONE 11 PRO MAX 6.5"" 12PM+12PM+12PM 256/4GB MATTE","₦ 751,000",,,
356,,"Apple IPhone 12 Pro Max- 128GB, 6GB RAM, 6.7-Inch - 12MP+12MP+12MP","₦ 880,000",,,
357,,"Apple IPhone 13 - 6.1Inch - 128GB ROM, 4GB RAM - IOS 15 -3240mAh","₦ 790,000",,,
358,,"Apple IPhone 13 - 6.1Inch - 128GB ROM, 4GB RAM - IOS 15 -3240mAh","₦ 790,000",,,
359,,"Apple IPhone 12 Pro Max - 6.7"" - 6GB RAM, 256GB ROM, 5G - Blue","₦ 920,000",,,3 out of 5(1)
360,,"Apple iPhone 15 6.1"" 6GB RAM/256GB ROM IOS 17 -physical & eSim","₦ 1,520,000","₦ 2,500,000",,
361,,"Apple iPhone 11 Pro - 5.8"" - 64gb Rom - 4gb Ram - 4g Lte - Single Sim & eSIM,,","₦ 751,999","₦ 869,999",,
362,,"Apple IPhone 13 Pro Max 6.7"" - 256GB ROM + 6GB RAM - IOS 15, 5G","₦ 1,230,000",,,
363,,"Apple IPhone 13 Pro Max - 6.7"" 128GB ROM, 6GB ROM 5G - Graphite","₦ 1,180,000",,,
364,,"Apple IPhone 13 Pro Max - 6.7"" - 6GB RAM, 128GB ROM, 5G - Graphite","₦ 1,100,000",,,
365,,"Apple IPad  Air 11"" M2 128GB With Wi-Fi Only - Space Gray","₦ 1,550,000",,,
366,,"Apple IPhone 15 Plus (512GB) - 6.7"" Super Retina XDR - Black","₦ 1,999,999","₦ 4,999,999",,
367,,"Apple IPHONE 11 PRO MAX 256/4GB (12PM+12PM+12PM) 6.5"" 3969mAh","₦ 751,000",,,
368,,"Apple iPhone 15 Pro 6.1"" 6GB RAM/256GB ROM iOS 17 - Physical & eSim","₦ 1,749,999","₦ 2,999,000",,
369,,"Apple iPhone 13 Pro Max- 6GB RAM - 256GB ROM - 6.7"" Super Retina Oled -a15 Ios - Face Id - 1 Sim+e-sim","₦ 1,259,999","₦ 2,200,000",,
370,,"Apple IPad Pro 13"" M4 With Wi-Fi + Cellular - 512GB - Silver","₦ 2,700,000",,,
371,,"Apple IPhone 13 Pro  6.7"" 256GB/6GB, Nano Sim - Blue","₦ 1,050,000",,,
372,,"Apple IPhone 14 Pro Max  6.7"" 128GB/6GB, Nano Sim - Silver","₦ 1,400,000",,,
373,,"Apple IPhone 14 Pro Max 6.7"" - Physical + eSim (256GB ROM + 6GB RAM) Nano Sim","₦ 1,529,999","₦ 2,999,000",,
374,,"Apple IPad Air 13"" M2 128GB  With Wi-Fi Only - Space Black","₦ 1,650,000",,,
375,,"Apple IPhone 12 PRO MAX (6.7 INCH) (6GB RAM, 256GB ROM) 5G - GOLD","₦ 920,000",,,
376,,"Apple IPhone 13 Pro 5G - 6.1"" 128GB ROM, 6GB ROM - Green","₦ 980,000",,,
377,,"Apple IPhone 14 Pro 6.1"" Inches - Physical + eSim (128GB ROM + 6GB RAM) Nano Sim","₦ 1,379,999","₦ 2,300,000",,
378,,"Apple IPhone 13 - 6.1"" - 128GB ROM, 4GB RAM, 3240mAh - Pink","₦ 790,000",,,
379,,"Apple IPad Pro 13"" M4 With Wi-Fi + Cellular - 256GB - Silver","₦ 2,400,000",,,
380,,"Apple Iphone Charger 35W USB Type C To IPhone 14 13,12 /11/X /Pro Max Fast Charger","₦ 6,500","₦ 8,000",,
381,,"Apple Watch Ultra 2 GPS + Cellular, 49mm Titanium Case With Olive Alpine Loop - Medium - 2023","₦ 1,300,999","₦ 2,999,999",,
382,,Apple Watch Ultra 2 GPS + Cellular 49mm - Dark Green Alpine Loop - M - 2024,"₦ 1,699,999","₦ 2,999,999",,
383,,"Apple iPhone 15 6.1"" 6GB RAM/256GB ROM IOS 17 -physical & eSim","₦ 1,520,000","₦ 2,500,000",,
384,,Apple IPhone phone case space case transparent silicone anti drop soft case iPhone 12 mini,"₦ 7,425","₦ 8,775",,
385,,"Apple IPad Pro 11"" M4  With Wi-Fi Only - 256GB - Space Black","₦ 1,950,000",,,
386,,"Apple IPhone 12 - 6.1"" - 4GB RAM, 128GB ROM, 5G, 2815mAh - White","₦ 760,000",,,
387,,"Apple IPhone 12 Pro Max - 6.7-Inch - 128GB ROM, 6GB RAM - 2815mAh","₦ 880,000",,,
388,,"Apple IPad Air 13"" M2 128GB  With Wi-Fi Only - Starlight","₦ 1,650,000",,,
389,,"Apple iPhone 15 6.1"" 6GB RAM/256GB ROM IOS 17 -physical & eSim","₦ 1,520,000","₦ 2,500,000",,
390,,"Apple IPhone 13 Pro Max - 6.7"" 256GB ROM, 6GB RAM,4352mAh-Graphite","₦ 1,200,000",,,
391,,"Apple IPhone 13 6.1"" , (4GB RAM + 128GB ROM), IOS 15 - Midnight","₦ 790,000",,,
392,,"Apple iPhone 13 Pro Max- 6GB RAM - 128GB ROM - 6.7"" Super Retina Oled -a15 Ios - Face Id - 1 Sim+e-sim","₦ 1,199,900","₦ 2,000,000",,
393,,"Apple iPhone 14 - 256GB + 6GB RAM - 1 Sim+1 Esim 6.1"" Genuine Super Retina Oled -  5g","₦ 1,182,099","₦ 2,000,000",,
394,,"Apple iPhone 11 Pro - 5.8"" - 64gb Rom - 4gb Ram - 4g Lte - Single Sim & eSIM,,","₦ 758,000","₦ 990,000",,
395,,Apple Watch Ultra 2 GPS + Cellular 49mm - Natural Titanium - Navy Ocean Band - Extra-Long  - 2024,"₦ 1,699,999","₦ 2,999,999",,
396,,"Apple iPhone 14 - 1 Sim+1 Esim 6.1"" Genuine Super Retina Oled 128gb Rom 6gb Ram -  5g","₦ 1,078,500","₦ 2,000,000",,
397,,"Apple IPhone 13 Pro Max - 6.7"" 128GB ROM, 6GB ROM 5G - Gold","₦ 1,130,000",,,
398,,"Apple IPHONE 11 - 6.1""  128/4GB RAM (12MP+12MP) 3110mAh BLACK","₦ 750,000",,,
399,,"Apple IPad Pro 11"" M4  With Wi-Fi + Cellular - 256GB - Space Black","₦ 2,150,000",,,
400,,"Apple iPhone 11 Pro - 5.8"" - 64gb Rom - 4gb Ram - 4g Lte - Single Sim & eSIM,,","₦ 751,999","₦ 869,999",,
401,,Apple Lightning To USB Cable 2M (6.6FT),"₦ 52,999","₦ 70,999",,5 out of 5(1)
402,,Apple IPhone 12 Pro - 6.1 Inches 256GB/6GB  - Nano Sim - Blue,"₦ 820,000",,,
403,,"Apple iPhone 12 5g - 6.1"" - Single Sim & e-Sim - 64gb Rom - 4gb Ram - Ios","₦ 751,999","₦ 900,000",,
404,,"Apple iPhone 11 Pro - 5.8"" 64gb 4g Lte Single Sim&eSIM - 3046mah.","₦ 751,999","₦ 900,000",,
405,,"Apple IPhone 13 Pro  6.7"" 256GB/6GB, Nano Sim - Gold","₦ 1,050,000",,,
406,,"Apple IPhone 14 Pro   6.7"" 256GB/6GB, Nano Sim - Gold","₦ 1,300,000",,,
407,,"Apple IPhone 14 Pro 6.1"" - Physical + eSim (256GB ROM + 6GB RAM) Nano Sim","₦ 1,479,888","₦ 2,300,000",,
408,,Apple IPhone 12 Pro - 6.1 Inches 128GB/6GB  - Nano Sim - Blue,"₦ 790,000",,,
409,,"Apple iPhone 12 Pro Max - 6.7"" - 256gb Rom - 6gb Ram - 5g - Single Sim & eSim - Graph - 5000mah.","₦ 949,999","₦ 1,300,000",,
410,,Apple IPhone 12 Pro - 6.1 Inches 256GB/6GB  - Nano Sim - Gold,"₦ 820,000",,,
411,,"Apple IPhone 12 6.1 Inches 5GB RAM, 64GB ROM, - Black","₦ 755,000",,,3 out of 5(2)
412,,"Apple IPhone 13 Pro  6.7"" 256GB/6GB, Nano Sim - Blue","₦ 1,050,000",,,
413,,"Apple IPhone 13 Pro  6.7"" 128GB/6GB, Nano Sim - Green","₦ 1,000,000",,,
414,,"Apple IPhone 13 Pro  6.7"" 128GB/6GB, Nano Sim - Gold","₦ 950,000",,,
415,,"Apple iPhone 12 Pro - 256gb Rom - 6gb Ram - 5g - 6.1"" - Ios 14.1 - 1 Sim & E-sim.","₦ 799,000","₦ 1,100,000",,
416,,"Apple IPhone 14 Pro   6.7"" 256GB/6GB, Nano Sim - Gold","₦ 1,300,000",,,
417,,Apple Portable Wireless Magnetic 5000Mah Battery Park For Iphone,"₦ 16,000",,,
418,,"Apple IPhone 14 Pro 6.1"" Inches - Physical + eSim (128GB ROM + 6GB RAM) Nano Sim","₦ 1,378,999","₦ 2,300,000",,
419,,"Apple IPHONE 11 PRO MAX 6.5"" 12PM+12PM+12PM 256/4GB MATTE GOLD","₦ 751,000",,,
420,,"Apple IPhone 14 Pro Max 6.7"" - Physical + eSim (256GB ROM + 6GB RAM) Nano Sim","₦ 1,519,999","₦ 2,999,000",,
421,,Apple IPhone 12 Pro Max - 128GB ROM - 6GB RAM - 6.7-Inch - 5G,"₦ 880,000",,,
422,,"Apple IPhone 13 Pro 5G - 6.1"" 128GB ROM, 6GB ROM - Gold","₦ 980,000",,,
423,,"Apple IPHONE 11 - 6.1"" 128/4GB RAM (12MP+12MP) 3110mAh BLACK","₦ 750,000",,,
424,,"Apple IPhone 11 - 6.1"" - 4GB RAM, 64GB ROM, 3110mAh - Green","₦ 790,000",,,
425,,Apple 20W USB-C Power Adapter - White,"₦ 50,000","₦ 60,000",,5 out of 5(2)
426,,"Apple IPad Air 11"" M2 256GB With Wi-Fi Only -  Starlight","₦ 1,750,000",,,
427,,Apple IPhone 12 Pro Max - 128GB ROM - 6GB RAM - 6.7-Inch - 5G,"₦ 880,000",,,
428,,"Apple IPHONE 11 - 6.1""  128/4GB RAM (12MP+12MP) 3110mAh WHITE","₦ 750,000",,,
429,,"Apple IPhone 14 Pro Max 6.7"" - Physical + ESim (128GB ROM + 6GB RAM) Nano Sim","₦ 1,479,000","₦ 2,890,000",,
430,,"Apple IPad Pro 11"" M4 With Wi-Fi Only - 512GB - Silver","₦ 2,400,000",,,
431,,"Apple IPhone 14 Pro Max 6.7"" - Physical + ESim (128GB ROM + 6GB RAM) Nano Sim","₦ 1,479,000","₦ 2,500,000",,
432,,"Apple iPhone 11 Pro - 5.8"" 64gb 4g Lte Single Sim&eSIM - 3046mah..","₦ 751,200","₦ 900,000",,
433,,"Apple IPad Pro 13"" M4 With Wi-Fi Only - 512GB - Space Black","₦ 2,400,000",,,
434,,"Apple IPhone 13 Pro  6.7"" 256GB/6GB, Nano Sim -  Gold","₦ 1,050,000",,,
435,,"Apple IPhone 14 Pro   6.7"" 256GB/6GB, Nano Sim - Gold","₦ 1,300,000",,,
436,,"Apple IPad Air 11"" M2 128G With Wi-Fi + Cellular - Starlight","₦ 1,700,000",,,
437,,"Apple iPhone 12 5g - 6.1"" - Single Sim & e-Sim - 128gb Rom - 4gb Ram - Ios..","₦ 751,900","₦ 999,000",,
438,,"Apple iPhone 13 - 6.1""- 1sim+ E-sim - 4gb Ram - 128gb Rom - Super Retina Xdr Oled","₦ 870,000","₦ 1,100,000",,
439,,"Apple iPhone 13 - 6.1""- 1sim+ E-sim - 4gb Ram - 128gb Rom - Super Retina Xdr Oled","₦ 871,999","₦ 1,100,000",,
440,,"Apple IPhone 14 Pro Max 6.7"" - Physical + eSim (128GB ROM + 6GB RAM) Nano Sim","₦ 1,495,000","₦ 2,990,000",,
441,,"Apple IPhone 14 Pro Max  6.7"" 128GB/6GB, Nano Sim -  Deep Purple","₦ 1,400,000",,,
442,,"Apple IPhone 14 Pro   6.7"" 128GB/6GB, Nano Sim - Purple","₦ 1,200,000",,,
443,,Apple IPhone 14 Pro Max Silicone Case With MagSafe - Storm Blue,"₦ 65,000","₦ 100,000",,
444,,"Apple IPHONE 11 - 6.1""  128/4GB RAM (12MP+12MP) 3110mAh RED","₦ 750,000",,,
445,,"Apple iPhone 15 6.1"" 6GB RAM/128GB ROM IOS 17 -physical & eSim","₦ 1,470,000","₦ 2,500,000",,
446,,"Apple iPhone 11 Pro Max - 6.5"" - 256gb Rom Single And E-sim - 4g Lte 3969mah.,","₦ 769,999","₦ 1,100,000",,
447,,"Apple IPhone 11 - 6.1"" 128GB ROM, 4GB RAM, 3110mAh - Black","₦ 790,000",,,
448,,"Apple IPhone 13 - 6.1""- 1sim+ E-sim - 4gb Ram - 256gb Rom - Super Retina Xdr Oled - Starlight","₦ 899,999","₦ 1,200,000",,
449,,"Apple IPad Pro 11"" M4  With Wi-Fi Only - 256GB - Silver","₦ 1,950,000",,,
450,,Apple Airpos 2 WIth Charging Case PROMO PRICE- Latest Model,"₦ 50,000","₦ 80,000",,
451,,"Apple IPhone 13 - 6.1Inch - 128GB ROM, 4GB RAM - IOS 15 -3240mAh","₦ 790,000",,,
452,,"Apple iPhone 15 6.1"" 6GB RAM/128GB ROM IOS 17 -physical & eSim","₦ 1,470,000","₦ 2,799,000",,
453,,"Apple iPhone 12 Pro - 128gb Rom - 6gb Ram - 5g - 6.1"" - Ios 14.1 - 1 Sim & E-sim","₦ 772,999","₦ 1,000,000",,
454,,"Apple iPhone 11 Pro Max - 6.5"" - Single And E-sim - 4gb Ram - 64gb Rom 4g Lte 3969mah","₦ 752,000","₦ 1,000,000",,
455,,"Apple IPhone 12 Pro Max - 6.7Inch - 256GB, 6GB RAM - IOS 14 - Gold","₦ 920,000",,,
456,,"Apple iPhone 13 Pro- 6GB RAM - 256GB ROM - 6.1"" Super Retina Oled -a15 Ios - Face Id - 1 Sim+e-sim","₦ 1,159,999","₦ 1,600,000",,
457,,"Apple IPhone 12 5g - 6.1"" - Single Sim & E-Sim - 64gb Rom - 4gb Ram - Ios","₦ 751,999","₦ 900,000",,
458,,"Apple iPhone 11 Pro - 5.8"" - 256gb Rom - 4gb Ram - 4g Lte - Single Sim & eSIM.,.","₦ 752,999","₦ 990,000",,
459,,"Apple iPhone 11 Pro Max - 6.5"" - 256gb Rom Single And E-sim - 4g Lte 3969mah.,","₦ 772,000","₦ 1,100,000",,
460,,"Apple IPHONE 11 - 6.1""  128/4GB RAM (12MP+12MP) 3110mAh BLACK","₦ 750,000",,,
461,,Apple IPhone phone case space case transparent silicone anti drop soft case iPhone 12 mini,"₦ 7,425","₦ 8,775",,
462,,"Apple IPhone 13 - 6.1"" - 4GB RAM, 128GB ROM, 240mAh - Midnight","₦ 790,000",,,
463,,"Apple IPhone 12 Pro Max- 256GB, 6GB RAM, 6.7-Inch - 12MP+12MP+12MP","₦ 920,000",,,
464,,"Apple IPhone 14 Pro Max 6.7"" 256GB Nano Sim - Silver","₦ 1,500,000",,,
465,,"Apple iPhone 12 Pro Max - 6.7"" - 256gb Rom - 6gb Ram 5g - Single Sim & eSim - 5000mah.","₦ 959,999","₦ 1,300,000",,
466,,"Apple IPhone 11 - 6.1"" - 4GB RAM, 64GB ROM, 3110mAh - Black","₦ 790,000",,,
467,,Apple Watch Ultra 2 GPS + Cellular 49mm - Natural - Alpine Loop - M - Extra-Long - 2024,"₦ 1,699,999","₦ 2,999,999",,
468,,Apple iPhone 11. 6.1-Inch 128GB ROM 5G LTE Single Nano SIM & eSim.,"₦ 751,999","₦ 990,000",,
469,,"Apple IPad Pro 11"" M4  With Wi-Fi + Cellular - 256GB - Silver","₦ 2,150,000",,,
470,,"Apple IPhone 13 Pro  6.7"" 256GB/6GB, Nano Sim -Blue","₦ 1,050,000",,,
471,,"Apple IPhone 13 - 6.1Inch - 128GB ROM, 4GB RAM - IOS 15 -3240mAh","₦ 790,000",,,
472,,"Apple IPhone 14 Pro 6.1"" Inches - Physical + eSim (128GB ROM + 6GB RAM) Nano Sim","₦ 1,378,888","₦ 2,300,000",,
473,,"Apple IPhone 12 Pro Max - 6.7"" - 6GB RAM, 128GB ROM, 5G - Gold","₦ 880,000",,,
474,,"Apple iPhone 14 - 1 Sim+1 Esim 6.1"" Genuine Super Retina Oled 128gb Rom 6gb Ram -  5g","₦ 1,079,999","₦ 1,999,999",,
475,,"Apple iPhone 12  6.1"" - 64GB ROM - 4GB RAM - 5g - Nano Sim - ","₦ 751,666","₦ 900,000",,
476,,"Apple iPhone 11 Pro Max - 6.5"" - 256gb Rom Single And E-sim - 4g Lte 3969mah.,","₦ 771,000","₦ 1,100,000",,
477,,"Apple iPhone 13 Pro- 6GB RAM - 128GB ROM - 6.1"" Super Retina Oled -a15 Ios - Face Id - 1 Sim+e-sim","₦ 1,099,990","₦ 1,400,000",,
478,,"Apple IPhone 12 Pro Max - 6.7-Inch - 256GB ROM, 6GB RAM - IOS 14","₦ 920,000",,,
479,,"Apple iPhone 11 Pro - 5.8"" - 64gb Rom - 4gb Ram - 4g Lte - Single Sim & eSIM...","₦ 756,999","₦ 990,000",,
480,,"Apple IPhone 14 Pro   6.7"" 256GB/6GB, Nano Sim - Purple","₦ 1,300,000",,,
481,,"Apple IPhone 12 Pro Max - 6.7-Inch - 256GB ROM, 6GB RAM - IOS 14","₦ 920,000",,,
482,,"Apple iPhone 11 Pro - 5.8"" - 256gb Rom - 4gb Ram - 4g Lte - Single Sim & eSIM","₦ 752,999","₦ 990,000",,
483,,"Apple IPhone 13 - 6.1"" - 128GB ROM, 4GB RAM, 3240mAh - Black","₦ 790,000",,,4 out of 5(1)
484,,"Apple IPhone 13 Pro  6.7"" 128GB/6GB, Nano Sim - Silver","₦ 950,000",,,
485,,Apple IPhone 12 Pro Max - 128GB ROM - 6GB RAM - 6.7-Inch - 5G,"₦ 880,000",,,
486,,"Apple IPhone 12 Pro Max - 6.7Inch - 256GB, 6GB RAM - IOS 14 - Gold","₦ 920,000",,,
487,,Apple IPhone 12 Pro Max - 128GB ROM - 6GB RAM - 6.7-Inch - 5G,"₦ 880,000",,,
488,,"Apple iPhone 13 - 6.1""- 1sim+ E-sim - 4gb Ram - 128gb Rom - Super Retina Xdr Oled - Starlight","₦ 873,900","₦ 1,100,000",,
489,,"Apple IPhone 14 Pro Max 6.7"" 256GB/6GB Nano Sim - Gold","₦ 1,500,000",,,
490,,"Apple IPhone 12 Pro Max- 256GB, 6GB RAM, 6.7-Inch - 12MP+12MP+12MP","₦ 920,000",,,
491,,"Apple iPhone 14 - 1 Sim+1 Esim 6.1"" Genuine Super Retina Oled 128gb Rom 6gb Ram -  5g","₦ 1,076,999","₦ 2,000,000",,
492,,Apple iPhone 11 - 6.1-Inch 64GB ROM 4G LTE Single Nano SIM.,"₦ 751,999","₦ 859,999",,
493,,"Apple IPhone 12 Pro Max - 6.7-Inch - 128GB ROM, 6GB RAM - IOS 14","₦ 880,000",,,
494,,"Apple IPhone 14 Pro Max 6.7"" (256GB ROM + 6GB RAM) Nano Sim- Gold","₦ 1,500,000",,,
495,,"Apple IPhone 12 Pro Max - 6.7"" - 128gb Rom - 6gb Ram - 5g - Single Sim & ESim - 5000mah.","₦ 895,999",,,
496,,"Apple IPhone 13 - 6.1"" - 4GB RAM, 128GB ROM, 3240mAh - Starlight","₦ 790,000",,,
497,,"Apple IPhone 12 Pro Max - 6.7Inch - 256GB, 6GB RAM - IOS 14 - Gold","₦ 920,000",,,
498,,"Apple IPhone 13 Pro  6.7"" 256GB/6GB, Nano Sim -Silver","₦ 1,050,000",,,
499,,"Apple IPhone 13 Pro 5G - 6.1"" 128GB ROM, 6GB ROM - Sierra Blue","₦ 980,000",,,
500,,"Apple IPhone 12 - 6.1"" - 4GB RAM, 128GB ROM, 5G, 2815mAh - Blue","₦ 760,000",,,
501,,Apple iPhone 11 Pro 5.8-Inch 256gb 4g Lte Single &eSIM - 3146mah..,"₦ 752,999","₦ 990,000",,
502,,"Apple iPhone 14 - 1 Sim+1 Esim 6.1"" Genuine Super Retina Oled 128gb Rom 6gb Ram -  5g","₦ 1,083,999","₦ 2,000,000",,
503,,"Apple iPhone 13 Pro Max- 6GB RAM - 128GB ROM - 6.7"" Super Retina Oled -a15 Ios - Face Id - 1 Sim+e-sim","₦ 1,179,999","₦ 2,000,000",,
504,,"Apple IPad Air 11"" M2 256GB With Wi-Fi + Cellular - Space Gray","₦ 1,900,000",,,
505,,"Apple IPad Pro 11"" M4 With Wi-Fi + Cellular - 512GB - Space Black","₦ 2,650,000",,,
506,,"Apple iPhone 15 6.1"" 6GB RAM/128GB ROM IOS 17 -physical & eSim","₦ 1,470,000","₦ 2,500,000",,
507,,"Apple IPhone 13 Pro  6.7"" 128GB/6GB, Nano Sim - Graphite","₦ 940,000",,,
508,,"Apple iPhone 14 - 1 Sim+1 Esim 6.1"" Genuine Super Retina Oled 128gb Rom 6gb Ram -  5g","₦ 1,074,999","₦ 2,000,000",,
509,,"Apple IPhone 14 Pro 6.1"" - Physical + eSim (256GB ROM + 6GB RAM) Nano Sim","₦ 1,480,000","₦ 2,300,000",,
510,,"Apple IPhone 14 Pro 6.1"" Inch - Physical + eSim (128GB ROM + 6GB RAM) Nano Sim","₦ 1,379,999","₦ 2,300,000",,
511,,"Apple iPhone 12 Pro Max - 6.7"" - 256gb Rom - 6gb Ram - 5g - Single Sim & eSim - 5000mah.","₦ 959,000","₦ 1,300,000",,
512,,"Apple IPhone 12 - 6.1"" 64GB ROM, 4GB RAM, 2815mAh - Green","₦ 760,000",,,
513,,Apple iPhone 11 Pro 5.8-Inch 256gb 4g Lte Single &eSIM - 3146mah..,"₦ 752,999","₦ 990,000",,
514,,"Apple iPhone 12 Pro Max - 6.7"" - 256gb Rom - 6gb Ram 5g - Single Sim & eSim - 5000mah.","₦ 949,999","₦ 1,300,000",,
515,,"Apple IPad Air 11"" M2 256GB With Wi-Fi Only - Space Gray","₦ 1,750,000",,,
516,,"Apple iPhone 12 Pro Max - 6.7"" - 128gb Rom - 6gb Ram - 5g - Single Sim & eSim - Graph - 5000mah.","₦ 898,100","₦ 1,200,000",,
517,,"Apple iPhone 14 - 256GB + 6GB RAM - 1 Sim+1 Esim 6.1"" Genuine Super Retina Oled -  5g","₦ 1,179,999","₦ 2,000,000",,
518,,"Apple IPhone 12 - 6.1"" - 4GB RAM, 64GB ROM, 5G, 2815mAh - Blue","₦ 760,000",,,
519,,"Apple IPad Air 13"" M2 256GB With Wi-Fi Only-2024 Model-Starlight","₦ 1,850,000",,,
520,,"Apple iPhone 12 - 6.1"" - 64GB ROM - 4GB RAM - 5g - Nano Sim - purple.","₦ 751,999","₦ 800,000",,
521,,"Apple IPhone 13 - 6.1Inch - 128GB ROM, 4GB RAM - IOS 15 -3240mAh","₦ 790,000",,,1 out of 5(1)
522,,"Apple IPhone 12 Pro Max - 6.7"" - 6GB RAM, 256GB ROM, 5G - Gold","₦ 920,000",,,
523,,"Apple iPhone 13 Pro Max- 6GB RAM - 128GB ROM - 6.7"" Super Retina Oled -a15 Ios - Face Id - 1 Sim+e-sim","₦ 1,189,000","₦ 2,200,000",,
524,,"Apple IPhone 13 Pro Max 6.7"" - 256GB ROM + 6GB RAM - IOS 15, 5G","₦ 1,230,000",,,
525,,"Apple IPhone 13 Pro  6.7"" 256GB/6GB, Nano Sim - Graphite","₦ 1,050,000",,,
526,,"Apple iPhone 14 - 256GB + 6GB RAM - 1 Sim+1 Esim 6.1"" Genuine Super Retina Oled -  5g","₦ 1,179,999","₦ 2,000,000",,
527,,"Apple IPHONE 11 PRO MAX 256/4GB (12PM+12PM+12PM) 6.5"" 3969mAh","₦ 751,000",,,
528,,"Apple iPhone 11 Pro Max - 6.5"" - Single And E-sim - 4gb Ram - 64gb Rom 4g Lte 3969mah.,","₦ 753,000","₦ 1,000,000",,
529,,"Apple iPhone 13 Pro- 6GB RAM - 128GB ROM - 6.1"" Super Retina Oled -a15 Ios - Face Id - 1 Sim+e-sim","₦ 1,089,900","₦ 1,450,000",,
530,,"Apple IPhone 11 - 6.1"" - 4GB RAM, 128GB ROM, 3110mAh - White","₦ 790,000",,,
531,,"Apple IPhone 12 Pro Max - 6.7-Inch - 128GB ROM, 6GB RAM - 2815mAh","₦ 880,000",,,
532,,"Apple IPhone 13 Pro Max - 6.7"" 128GB ROM, 6GB ROM 5G  - Blue","₦ 1,180,000",,,
533,,"Apple iPhone 13 Pro- 6GB RAM - 128GB ROM - 6.1"" Super Retina Oled -a15 Ios - Face Id - 1 Sim+e-sim","₦ 1,099,000","₦ 1,400,000",,
534,,"Apple IPHONE 11 - 6.1""  128/4GB RAM (12MP+12MP) 3110mAh BLACK","₦ 750,000",,,
535,,"Apple IPad Pro 13"" M4 With Wi-Fi + Cellular - 256GB - Space Black","₦ 2,400,000",,,
536,,"Apple IPHONE 11 - 6.1""  128/4GB RAM (12MP+12MP) 3110mAh Black","₦ 750,000",,,
537,,"Apple IPhone 14 Pro Max 6.7"" 256GB/6GB Nano Sim - Purple","₦ 1,500,000",,,
538,,"Apple IPHONE 11 - 6.1""  128/4GB RAM (12MP+12MP) 3110mAh BLACK","₦ 750,000",,,
539,,Apple iPhone 11. 6.1-Inch 64GB ROM 5G LTE Single Nano SIM & eSim-.,"₦ 751,999","₦ 900,000",,
540,,"Apple IPhone 12 Pro Max- 256GB, 6GB RAM, 6.7-Inch - 12MP+12MP+12MP","₦ 920,000",,,
541,,"Apple IPhone12 Pro Max - 6.7"" 128GB ROM, 6GB ROM 5G - Gold","₦ 890,000",,,
542,,"Apple IPad Pro 13"" M4 With Wi-Fi Only  - 256GB - Space Black","₦ 2,150,000",,,
543,,Apple iPhone 11. 6.1-Inch 128GB ROM 5G LTE Single Nano SIM & eSim..,"₦ 751,900","₦ 990,000",,
544,,"Apple IPHONE 11 - 6.1""  128/4GB RAM (12MP+12MP) 3110mAh White","₦ 750,000",,,
545,,"Apple IPhone 11 - 6.1"" 64GB ROM, 4GB RAM, 3110mAh - Purple","₦ 790,000",,,
546,,"Apple IPHONE 11 - 6.1""  128/4GB RAM (12MP+12MP) 3110mAh BLACK","₦ 750,000",,,
547,,Apple 20W USB-C Power Adapter - 3 Pins,"₦ 25,000","₦ 30,000",,
548,,"Apple iPhone 13 - 6.1""- 1sim+ E-sim - 4gb Ram - 128gb Rom - Super Retina Xdr Oled","₦ 869,999","₦ 1,100,000",,
549,,"Apple iPhone 12 Pro - 128gb Rom - 6gb Ram - 5g - 6.1"" - Ios 14.1 - 1 Sim & E-sim","₦ 769,888","₦ 1,000,000",,
550,,"Apple iPhone 11 Pro - 5.8"" - 256gb Rom - 4gb Ram - 4g Lte - Single Sim & eSIM.,.","₦ 751,999","₦ 990,000",,
551,,"Apple iPhone 12 5g - 6.1"" - Single Sim & e-Sim - 128gb Rom - 4gb Ram - Ios..","₦ 751,000","₦ 998,000",,
552,,Apple Pods With Lightning Connector (MMTN2ZM/A),"₦ 19,000","₦ 38,000",,
553,,"Apple iPhone 12 Pro - 128gb Rom - 6gb Ram - 5g - 6.1"" - Ios 14.1 - 1 Sim & E-sim","₦ 769,999","₦ 1,000,000",,
554,,Apple Watch Series 10 With Sport Band (GPS) 46mm -Rose Gold,"₦ 899,000","₦ 950,000",,
555,,"Apple IPhone 12 Pro Max - 6.7"" 256GB ROM, 6GB RAM, 3687mAh - Blue","₦ 920,000",,,1 out of 5(1)
556,,Apple USB-C To Lightning Cable (1m),"₦ 35,999","₦ 45,999",,
557,,"Apple IPhone 12 Pro Max - 6.7-Inch - 128GB ROM, 6GB RAM - 3969mAh","₦ 880,000",,,
558,,"Apple iPhone 13 Pro- 6GB RAM - 256GB ROM - 6.1"" Super Retina Oled -a15 Ios - Face Id - 1 Sim+e-sim","₦ 1,159,000","₦ 1,600,000",,
559,,"Apple iPhone 12 Pro - 256gb Rom - 6gb Ram - 5g - 6.1"" - Ios 14.1 - 1 Sim & E-sim","₦ 797,999","₦ 1,100,000",,
560,,"Apple iPhone 12 - 6.1"" - 64GB ROM - 4GB RAM - 5g - Nano Sim - purple.","₦ 751,999","₦ 800,000",,
561,,"Apple IPhone 13 - 6.1Inch - 128GB ROM, 4GB RAM - IOS 15 -3240mAh","₦ 790,000",,,1 out of 5(1)
562,,"Apple IPhone 12 Pro Max - 6.7"" - 6GB RAM, 256GB ROM, 5G - Gold","₦ 920,000",,,
563,,"Apple iPhone 13 Pro Max- 6GB RAM - 128GB ROM - 6.7"" Super Retina Oled -a15 Ios - Face Id - 1 Sim+e-sim","₦ 1,189,000","₦ 2,200,000",,
564,,"Apple IPhone 13 Pro Max 6.7"" - 256GB ROM + 6GB RAM - IOS 15, 5G","₦ 1,230,000",,,
565,,"Apple IPhone 13 Pro  6.7"" 256GB/6GB, Nano Sim - Graphite","₦ 1,050,000",,,
566,,"Apple iPhone 14 - 256GB + 6GB RAM - 1 Sim+1 Esim 6.1"" Genuine Super Retina Oled -  5g","₦ 1,179,999","₦ 2,000,000",,
567,,"Apple IPHONE 11 PRO MAX 256/4GB (12PM+12PM+12PM) 6.5"" 3969mAh","₦ 751,000",,,
568,,"Apple iPhone 11 Pro Max - 6.5"" - Single And E-sim - 4gb Ram - 64gb Rom 4g Lte 3969mah.,","₦ 753,000","₦ 1,000,000",,
569,,"Apple iPhone 13 Pro- 6GB RAM - 128GB ROM - 6.1"" Super Retina Oled -a15 Ios - Face Id - 1 Sim+e-sim","₦ 1,089,900","₦ 1,450,000",,
570,,"Apple IPhone 11 - 6.1"" - 4GB RAM, 128GB ROM, 3110mAh - White","₦ 790,000",,,
571,,"Apple IPhone 12 Pro Max - 6.7-Inch - 128GB ROM, 6GB RAM - 2815mAh","₦ 880,000",,,
572,,"Apple IPhone 13 Pro Max - 6.7"" 128GB ROM, 6GB ROM 5G  - Blue","₦ 1,180,000",,,
573,,"Apple IPhone phone case, new phone case, cute, funny, ugly, cute girl with braids phone case, suitable for iPhone 14PRO","₦ 8,203","₦ 10,290",,
574,,"Apple iPhone 13 Pro- 6GB RAM - 128GB ROM - 6.1"" Super Retina Oled -a15 Ios - Face Id - 1 Sim+e-sim","₦ 1,099,000","₦ 1,400,000",,
575,,"Apple IPHONE 11 - 6.1""  128/4GB RAM (12MP+12MP) 3110mAh BLACK","₦ 750,000",,,
576,,"Apple IPad Pro 13"" M4 With Wi-Fi + Cellular - 256GB - Space Black","₦ 2,400,000",,,
577,,"Apple IPHONE 11 - 6.1""  128/4GB RAM (12MP+12MP) 3110mAh Black","₦ 750,000",,,
578,,"Apple IPhone 14 Pro Max 6.7"" 256GB/6GB Nano Sim - Purple","₦ 1,500,000",,,
579,,"Apple IPHONE 11 - 6.1""  128/4GB RAM (12MP+12MP) 3110mAh BLACK","₦ 750,000",,,
580,,Apple iPhone 11. 6.1-Inch 64GB ROM 5G LTE Single Nano SIM & eSim-.,"₦ 751,999","₦ 900,000",,
581,,"Apple IPhone 12 Pro Max- 256GB, 6GB RAM, 6.7-Inch - 12MP+12MP+12MP","₦ 920,000",,,
582,,"Apple IPhone12 Pro Max - 6.7"" 128GB ROM, 6GB ROM 5G - Gold","₦ 890,000",,,
583,,Apple Iphone 7Plus  Pre-Used Gold 5.5inch Original Phone 128GB 256GB Smartphones Legit Phone Mobile Phone 99%new,"₦ 415,548",,,
584,,"Apple IPad Pro 13"" M4 With Wi-Fi Only  - 256GB - Space Black","₦ 2,150,000",,,
585,,Apple iPhone 11. 6.1-Inch 128GB ROM 5G LTE Single Nano SIM & eSim..,"₦ 751,900","₦ 990,000",,
586,,"Apple IPHONE 11 - 6.1""  128/4GB RAM (12MP+12MP) 3110mAh White","₦ 750,000",,,
587,,"Apple IPhone 11 - 6.1"" 64GB ROM, 4GB RAM, 3110mAh - Purple","₦ 790,000",,,
588,,"Apple IPHONE 11 - 6.1""  128/4GB RAM (12MP+12MP) 3110mAh BLACK","₦ 750,000",,,
589,,Apple 20W USB-C Power Adapter - 3 Pins,"₦ 25,000","₦ 30,000",,
590,,"Apple iPhone 13 - 6.1""- 1sim+ E-sim - 4gb Ram - 128gb Rom - Super Retina Xdr Oled","₦ 869,999","₦ 1,100,000",,
591,,"Apple iPhone 12 Pro - 128gb Rom - 6gb Ram - 5g - 6.1"" - Ios 14.1 - 1 Sim & E-sim","₦ 769,888","₦ 1,000,000",,
592,,"Apple iPhone 11 Pro - 5.8"" - 256gb Rom - 4gb Ram - 4g Lte - Single Sim & eSIM.,.","₦ 751,999","₦ 990,000",,
593,,"Apple iPhone 12 5g - 6.1"" - Single Sim & e-Sim - 128gb Rom - 4gb Ram - Ios..","₦ 751,000","₦ 998,000",,
594,,Apple Pods With Lightning Connector (MMTN2ZM/A),"₦ 19,000","₦ 38,000",,
595,,"Apple iPhone 12 Pro - 128gb Rom - 6gb Ram - 5g - 6.1"" - Ios 14.1 - 1 Sim & E-sim","₦ 769,999","₦ 1,000,000",,
596,,Apple Watch Series 10 With Sport Band (GPS) 46mm -Rose Gold,"₦ 899,000","₦ 950,000",,
597,,"Apple IPhone 12 Pro Max - 6.7"" 256GB ROM, 6GB RAM, 3687mAh - Blue","₦ 920,000",,,1 out of 5(1)
598,,Apple USB-C To Lightning Cable (1m),"₦ 35,999","₦ 45,999",,
599,,"Apple IPhone 12 Pro Max - 6.7-Inch - 128GB ROM, 6GB RAM - 3969mAh","₦ 880,000",,,
600,,"Apple iPhone 13 Pro- 6GB RAM - 256GB ROM - 6.1"" Super Retina Oled -a15 Ios - Face Id - 1 Sim+e-sim","₦ 1,159,000","₦ 1,600,000",,
601,,"Apple iPhone 12 Pro - 256gb Rom - 6gb Ram - 5g - 6.1"" - Ios 14.1 - 1 Sim & E-sim","₦ 797,999","₦ 1,100,000",,
602,,"Apple IPad Pro 13"" M4 With Wi-Fi Only - 512GB - Silver","₦ 2,400,000",,,
603,,Apple IPhone phone case space case transparent silicone anti drop soft case iPhone 8 Plus,"₦ 7,425","₦ 8,775",,
604,,"Apple IPhone 11 - 6.1"" - 4GB RAM, 64GB ROM, 3110mAh - Green","₦ 790,000",,,
605,,"Apple IPhone 14 Pro   6.7"" 128GB/6GB, Nano Sim - Purple","₦ 1,200,000",,,
606,,"Apple IPhone 13 Pro  6.7"" 256GB/6GB, Nano Sim -  Silver","₦ 1,050,000",,,
607,,"Apple IPhone 14 Pro Max  6.7"" 128GB/6GB, Nano Sim - Gold","₦ 1,400,000",,,
608,,Apple iPhone earphone original ,"₦ 5,000","₦ 6,000",,
609,,"Apple IPhone 13 Pro  6.7"" 256GB/6GB, Nano Sim - Graphite","₦ 1,050,000",,,
610,,"Apple iPhone 12 5g - 6.1"" - Single Sim & e-Sim - 128gb Rom - 4gb Ram - Ios..","₦ 751,999","₦ 990,000",,
611,,"Apple IPhone 12 - 6.1"" - 4GB RAM, 128GB ROM, 5G, 2815mAh - Green","₦ 760,000",,,4 out of 5(2)
612,,"Apple IPad Pro 11"" M4 With Wi-Fi Only - 512GB - Space Black","₦ 2,400,000",,,
613,,Apple IPhone phone case space case transparent silicone anti drop soft case iPhone 8 Plus,"₦ 7,425","₦ 8,775",,
614,,"Apple IPhone 12 Pro Max - 6.7"" 128GB ROM, 6GB RAM, 3687mAh - Gold","₦ 880,000",,,
615,,"Apple Iphone Charger 35W USB Type C To IPhone 14 13,12 /11/X/Pro Max Fast Charger","₦ 7,500","₦ 10,000",,
616,,"Apple IPHONE 11 - 6.1""  128/4GB RAM (12MP+12MP) 3110mAh BLACK","₦ 750,000",,,
617,,"Apple IPhone 12 Pro Max- 256GB, 6GB RAM, 6.7-Inch - 12MP+12MP+12MP","₦ 920,000",,,
618,,"Apple IPhone 12 - 6.1"" 128GB ROM, 4GB RAM, 2815mAh - Blue","₦ 760,000",,,
619,,"Apple IPHONE 11 - 6.1""  128/4GB RAM (12MP+12MP) 3110mAh BLACK","₦ 750,000",,,
620,,"Apple iPhone 12 Pro - 256gb Rom - 6gb Ram - 5g - 6.1"" - Ios 14.1 - 1 Sim & E-sim","₦ 798,999","₦ 1,100,000",,
621,,"Apple IPhone 14 Pro Max 6.7"" 256GB Nano Sim - Black","₦ 1,500,000",,,
622,,Apple iPhone 11 Pro 5.8-Inch 256gb 4g Lte Single &eSIM - 3146mah..,"₦ 759,999","₦ 990,000",,
623,,"Apple IPhone 13 - 6.1"" - 128GB ROM, 4GB RAM, 3240mAh - Black","₦ 790,000",,,
624,,Apple IPhone 11. 6.1-Inch 128GB ROM 5G LTE Single Nano SIM & ESim-.,"₦ 751,250","₦ 990,000",,
625,,"Apple IPhone 13 Pro  6.7"" 128GB/6GB, Nano Sim - Gold","₦ 1,000,000",,,
626,,Apple IPhone 12 Pro - 6.1 Inches 256GB/6GB  - Nano Sim - Blue,"₦ 820,000",,,
627,,"Apple IPhone 11 - 6.1"" - 4GB RAM, 128GB ROM, 3110mAh - Black","₦ 790,000",,,
628,,"Apple IPhone 14 Pro Max - 6.7"" 128GB/6GB, Nano Sim -Black","₦ 1,400,000",,,
629,,"Apple IPhone 14 Pro Max  6.7"" 128GB/6GB, Nano Sim -  Deep Purple","₦ 1,400,000",,,
630,,"Apple IPhone 14 Pro Max - 6.7"" 256GB/6GB, Nano Sim -  Deep Purple","₦ 1,500,000",,,
631,,"Apple IPhone 11 - 6.1"" - 4GB RAM, 128GB ROM, 3110mAh - Green","₦ 790,000",,,
632,,"Apple IPad Pro 13"" M4 With Wi-Fi Only  - 256GB - Silver","₦ 2,150,000",,,
633,,"Apple IPhone 14 Pro Max  6.7"" 128GB/6GB, Nano Sim - Gold","₦ 1,400,000",,,
634,,"Apple iPhone 13 Pro- 6GB RAM - 128GB ROM - 6.1"" Super Retina Oled -a15 Ios - Face Id - 1 Sim+e-sim","₦ 1,085,000","₦ 1,390,000",,
635,,Apple iPhone 11 Pro 5.8-Inch 256gb 4g Lte Single Sim&eSIM - 3046mah..,"₦ 752,999","₦ 990,000",,
636,,Apple iPhone 11. 6.1-Inch 128GB ROM 5G LTE Single Nano SIM & eSim,"₦ 751,000","₦ 990,000",,
637,,"Apple IPhone 14 Pro   6.7"" 256GB/6GB, Nano Sim - Purple","₦ 1,300,000",,,
638,,"Apple IPhone 13 - 6.1Inch - 4GB RAM, 128GB ROM - IOS 15 - 3420mAh","₦ 790,000",,,
639,,"Apple IPhone 14 Pro Max - 6.7"" 256GB/6GB, Nano Sim - Silver","₦ 1,500,000",,,
640,,"Apple IPhone 13 Pro  6.7"" 128GB/6GB, Nano Sim -Silver","₦ 1,000,000",,,
641,,"Apple IPhone 13 Pro  6.7"" 256GB/6GB, Nano Sim -  Green","₦ 1,050,000",,,
642,,Apple USB-C To Lightning Cable (2m),"₦ 55,999","₦ 70,999",,
643,,Apple Iphone Fast And Long USB Charging Cable,"₦ 3,000","₦ 4,000",,
644,,"Apple IPhone 13 Pro  6.7"" 128GB/6GB, Nano Sim - Green","₦ 950,000",,,
645,,"Apple IPhone 13 Pro Max - 6.7"" - 6GB RAM, 256GB ROM, 5G - Gold","₦ 1,200,000",,,
646,,"Apple IPhone 13 Pro  6.7"" 256GB/6GB, Nano Sim - Silver","₦ 1,050,000",,,
647,,"Apple iPhone 13 - 6.1""- 1sim+ E-sim - 4gb Ram - 128gb Rom - Super Retina Xdr Oled","₦ 873,000","₦ 1,100,000",,
648,,"Apple IPhone 13 Pro  6.7"" 128GB/6GB, Nano Sim - Green","₦ 1,000,000",,,
649,,"Apple IPhone 13 Pro  6.7"" 128GB/6GB, Nano Sim - Blue","₦ 950,000",,,
650,,Apple Lightning To USB Cable 2M (6.6FT) For Iphone,"₦ 18,900","₦ 24,000",,
651,,Apple Lightning To USB Cable 1M (3.3FT),"₦ 13,900","₦ 16,000",,
652,,"Apple IPhone 11 Pro 5.8-Inch (4GB RAM, 256GB ROM),iOS 13, 4G LTE.","₦ 570,000",,,5 out of 5(2)
653,,"Apple Watch Ultra 2 GPS + Cellular, 49mm Titanium Case With Olive Alpine Loop - Large - 2023","₦ 1,300,999","₦ 2,999,999",,
654,,Apple iPhone X-64GB-Silver,"₦ 375,430","₦ 440,277",,
655,,Apple  IPHONE 11  -64GB- Blcak,"₦ 474,407","₦ 510,244",,
656,,Apple iPhone X-256GB-Space Gray,"₦ 418,093","₦ 491,472",,
657,,Apple iPhone 7 -128GB -Black,"₦ 189,422","₦ 235,497",,
658,,Apple iPhone 7 Plus 128GB - Black,"₦ 230,378","₦ 389,082",,
659,,"Apple iPhone 6 ,64gb -Space Gray","₦ 110,220","₦ 197,060",,
660,,"Apple iPhone XR, 128GB-Blue","₦ 476,114","₦ 679,187",,
661,,"Apple iPhone 11 ,64GB, purple","₦ 476,114","₦ 491,472",,
662,,Apple iPhone X-64GB-Space Gray,"₦ 375,430","₦ 440,277",,
663,,"Apple IPHONE 11 ,128GB- Purple ","₦ 537,548","₦ 597,275",,
664,,"Apple iPhone 11 -128GB, Green","₦ 554,613","₦ 883,967",,
665,,"Apple iPhone XR,128GB-Black","₦ 476,114","₦ 662,122",,
666,,"Apple iPhone 11 ,128GB, Black","₦ 554,613","₦ 610,927",,
667,,"Apple iPhone 11 Pro -64GB, Space Gray","₦ 585,330","₦ 610,927",,
668,,"Apple iPhone 7, 128GB, Black","₦ 191,128","₦ 204,780",,
669,,"Apple iPhone 12, 128GB -Blue ,5G","₦ 668,000","₦ 684,700",,
670,,"Apple iPhone XR, 64GB-Blue","₦ 452,223","₦ 491,472",,
671,,Apple  iPhone XS Max 256GB- Gold,"₦ 597,275","₦ 662,122",,
672,,Apple iPhone 7  128GB-Gold,"₦ 191,128","₦ 196,248",,
673,,"Apple iPhone 11 ,128GB, purple","₦ 554,613","₦ 559,732",,
674,,"Apple iPhone 8 -64GB,Space Gray","₦ 249,149","₦ 389,082",,
675,,"Apple iPhone 8 -256GB,Space Gray","₦ 298,638","₦ 440,277",,
676,,"Apple iPhone 11 Pro  - 256GB, Space Gray","₦ 680,894","₦ 713,317",,
677,,"Apple iPhone 8 Plus ,256GB -Space Gray","₦ 322,529","₦ 508,537",,
678,,"Apple iPhone 8 Plus ,64GB  -Gold","₦ 298,638","₦ 440,277",,
679,,"Apple iPhone 8 -256GB,Space Gray","₦ 298,638","₦ 320,822",,
680,,"Apple iPhone 8 Plus ,256GB  -Gold","₦ 320,822","₦ 491,472",,
681,,Apple iPhone 8 Plus 64GB - Gold,"₦ 271,334","₦ 286,692",,
682,,"Apple iPhone 12 -128GB, Black","₦ 668,000","₦ 701,400",,
683,,"Apple iPhone 8 -256GB,Gold","₦ 300,344","₦ 320,822",,
684,,"Apple iPhone 12, 128GB -Black ,5G","₦ 668,000","₦ 701,400",,
685,,Apple iPhone 8- 256GB Gold,"₦ 298,638","₦ 486,353",,
686,,Apple Iphone 7Plus Black Pre-Used 5.5inch Original Phone 128GB 256GB Smartphones Legit Phone Mobile Phone 99%new,"₦ 415,548",,,
687,,Apple IPhone phone case space case transparent silicone anti drop soft case iPhone 12 mini,"₦ 7,425","₦ 8,775",,
688,,Apple IPhone phone case space case transparent silicone anti drop soft case iPhone 12 mini,"₦ 7,425","₦ 8,775",,
689,,Apple iPhone 12 mini Animal dessert party niche cute silicone Blue,"₦ 8,379","₦ 8,526",,
690,,Apple IPhone phone case space case transparent silicone anti drop soft case iPhone 7 Plus,"₦ 7,425","₦ 8,775",,
691,,Apple Iphone 7Plus Pre-Used 5.5inch Original Phone 128GB 256GB Smartphones Legit Phone Mobile Phone 99%new,"₦ 415,548",,,
692,,Apple iPhone 12 mini Animal dessert party niche cute silicone Milk yellow,"₦ 8,379","₦ 8,526",,
693,,Apple Iphone 7Plus Silver Pre-Used 5.5inch Original Phone 128GB 256GB Smartphones Legit Phone Mobile Phone 99%new Free Accessories,"₦ 415,548",,,
694,,"Apple IPhone phone case, new phone case, cute, funny, ugly, cute girl with braids phone case, suitable for iPhone 14PRO","₦ 8,203","₦ 10,290",,
695,,Apple Iphone 7Plus  Pre-Used Gold 5.5inch Original Phone 128GB 256GB Smartphones Legit Phone Mobile Phone 99%new,"₦ 415,548",,,
696,,Apple IPhone phone case space case transparent silicone anti drop soft case iPhone 8 Plus,"₦ 7,425","₦ 8,775",,
697,,Apple IPhone phone case space case transparent silicone anti drop soft case iPhone 8 Plus,"₦ 7,425","₦ 8,775",,
698,,Apple IPhone phone case space case transparent silicone anti drop soft case iPhone 7 Plus,"₦ 7,425","₦ 8,775",,
699,,Apple IPhone phone case space case transparent silicone anti drop soft case iPhone X,"₦ 7,425","₦ 8,775",,
700,,Apple IPhone phone case space case transparent silicone anti drop soft case iPhone 12,"₦ 7,425","₦ 8,775",,
701,,Apple IPhone phone case space case transparent silicone anti drop soft case iPhone Xr,"₦ 7,425","₦ 8,775",,
702,,"Apple IPhone phone case, new phone case, cute, funny, ugly, cute girl with braids phone case, suitable for iPhone iPhone 15PRO","₦ 8,203","₦ 10,290",,
703,,Apple IPhone phone case space case transparent silicone anti drop soft case iPhone X,"₦ 7,425","₦ 8,775",,
704,,Apple IPhone phone case space case transparent silicone anti drop soft case iPhone Xs,"₦ 7,425","₦ 8,775",,
705,,Apple iPhone 12 mini Pink Bow Girl Feather Gauze Hard Pink,"₦ 8,379","₦ 8,526",,
706,,"Apple IPhone phone case, new phone case, cute, funny, ugly, cute girl with braids phone case, suitable for iPhone 14 PLUS","₦ 8,203","₦ 10,290",,
707,,Apple IPhone phone case space case transparent silicone anti drop soft case iPhone 11 Pro Max,"₦ 7,425","₦ 8,775",,
708,,"Apple IPhone phone case, new phone case, cute, funny, ugly, cute girl with braids phone case, suitable for iPhone 15 PLUS","₦ 8,203","₦ 10,290",,
709,,"Apple IPhone phone case, new phone case, cute, funny, ugly, cute girl with braids phone case, suitable for iPhone 14","₦ 8,203","₦ 10,290",,
710,,Apple IPhone phone case space case transparent silicone anti drop soft case iPhone 6s Plus,"₦ 7,425","₦ 8,775",,
711,,Apple IPhone phone case space case transparent silicone anti drop soft case iPhone 6 Plus,"₦ 7,425","₦ 8,775",,
712,,Apple iPhone 11 Pro Pink Bow Girl Feather Gauze Hard Pink,"₦ 8,379","₦ 8,526",,
713,,Apple iPhone14 Max Animal dessert party niche cute silicone Milk yellow,"₦ 8,379","₦ 8,526",,
714,,Apple iPhone13 Pro Max Pink Bow Girl Feather Gauze Hard Pink,"₦ 5,880","₦ 6,615",,
715,,Apple IPhone phone case space case transparent silicone anti drop soft case iPhone14 Max,"₦ 7,425","₦ 8,775",,
716,,Apple IPhone phone case space case transparent silicone anti drop soft case iPhone13 Pro,"₦ 7,425","₦ 8,775",,
717,,Apple IPhone phone case space case transparent silicone anti drop soft case iPhone 6s,"₦ 7,425","₦ 8,775",,
718,,Apple IPhone phone case space case transparent silicone anti drop soft case iPhone 13,"₦ 7,425","₦ 8,775",,
719,,Apple IPhone phone case space case transparent silicone anti drop soft case iPhone 6,"₦ 7,425","₦ 8,775",,
720,,Apple IPhone phone case space case transparent silicone anti drop soft case iPhone13 Pro Max,"₦ 7,425","₦ 8,775",,
721,,Apple IPhone phone case space case transparent silicone anti drop soft case iPhone Xs,"₦ 7,425","₦ 8,775",,
722,,Apple IPhone phone case space case transparent silicone anti drop soft case iPhone 12 Pro,"₦ 7,425","₦ 8,775",,
723,,Apple IPhone phone case space case transparent silicone anti drop soft case iPhone14 Pro Max,"₦ 7,425","₦ 8,775",,
724,,Apple IPhone phone case space case transparent silicone anti drop soft case iPhone 11,"₦ 7,425","₦ 8,775",,
725,,Apple IPhone phone case space case transparent silicone anti drop soft case iPhone13 Pro,"₦ 7,425","₦ 8,775",,
726,,Apple IPhone phone case space case transparent silicone anti drop soft case iPhone 6s,"₦ 7,425","₦ 8,775",,
727,,Apple IPhone phone case space case transparent silicone anti drop soft case iPhone 12 Pro Max,"₦ 7,425","₦ 8,775",,
728,,Apple IPhone phone case space case transparent silicone anti drop soft case iPhone 8,"₦ 7,425","₦ 8,775",,
729,,Apple IPhone phone case space case transparent silicone anti drop soft case iPhone 11 Pro,"₦ 7,425","₦ 8,775",,
730,,Apple IPhone phone case space case transparent silicone anti drop soft case iPhone14 Pro,"₦ 7,425","₦ 8,775",,
731,,Apple IPhone phone case space case transparent silicone anti drop soft case iPhone14,"₦ 7,425","₦ 8,775",,
732,,Apple IPhone phone case space case transparent silicone anti drop soft case iPhone13 Pro Max,"₦ 7,425","₦ 8,775",,
733,,Apple IPhone phone case space case transparent silicone anti drop soft case iPhone14 Pro,"₦ 7,425","₦ 8,775",,
734,,Apple IPhone phone case space case transparent silicone anti drop soft case iPhone14 Max,"₦ 7,425","₦ 8,775",,
735,,Apple IPhone phone case space case transparent silicone anti drop soft case iPhone 7,"₦ 7,425","₦ 8,775",,
736,,Apple IPhone phone case space case transparent silicone anti drop soft case iPhone Xs Max,"₦ 7,425","₦ 8,775",,
737,,Apple IPhone phone case space case transparent silicone anti drop soft case iPhone 12 Pro Max,"₦ 7,425","₦ 8,775",,
738,,Apple IPhone phone case space case transparent silicone anti drop soft case iPhone 11 Pro,"₦ 7,425","₦ 8,775",,
739,,Apple IPhone phone case space case transparent silicone anti drop soft case iPhone14,"₦ 7,425","₦ 8,775",,
740,,Apple IPhone phone case space case transparent silicone anti drop soft case iPhone 7,"₦ 7,425","₦ 8,775",,
741,,Apple IPhone phone case space case transparent silicone anti drop soft case iPhone 6s Plus,"₦ 7,425","₦ 8,775",,
742,,Apple IPhone phone case space case transparent silicone anti drop soft case iPhone 8,"₦ 7,425","₦ 8,775",,
743,,Apple IPhone phone case space case transparent silicone anti drop soft case iPhone 6,"₦ 7,425","₦ 8,775",,
744,,Apple IPhone phone case space case transparent silicone anti drop soft case iPhone 11 Pro Max,"₦ 7,425","₦ 8,775",,
745,,Apple IPhone phone case space case transparent silicone anti drop soft case iPhone Xs Max,"₦ 7,425","₦ 8,775",,
746,,Apple iPhone14 Pro Max Animal dessert party niche cute silicone Milk yellow,"₦ 8,379","₦ 8,526",,
747,,Apple iPhone13 Pro Animal dessert party niche cute silicone Blue,"₦ 8,379","₦ 8,526",,
748,,Apple iPhone 13 Animal dessert party niche cute silicone Blue,"₦ 8,379","₦ 8,526",,
749,,Apple iPhone 11 Pro Max Animal dessert party niche cute silicone Milk yellow,"₦ 8,379","₦ 8,526",,
750,,Apple iPhone14 Pro Animal dessert party niche cute silicone Milk yellow,"₦ 8,379","₦ 8,526",,
751,,Apple iPhone14 Pro Max Pink Bow Girl Feather Gauze Hard Pink,"₦ 8,379","₦ 8,526",,
752,,Apple iPhone 11 Pro Max Animal dessert party niche cute silicone Blue,"₦ 8,379","₦ 8,526",,
753,,Apple iPhone 12 Pro Pink Bow Girl Feather Gauze Hard Pink,"₦ 8,379","₦ 8,526",,
754,,Apple iPhone14 Animal dessert party niche cute silicone Milk yellow,"₦ 8,379","₦ 8,526",,
755,,Apple iPhone 12 Animal dessert party niche cute silicone Blue,"₦ 8,379","₦ 8,526",,
756,,Apple iPhone 13 Pink Bow Girl Feather Gauze Hard Pink,"₦ 8,379","₦ 8,526",,
757,,Apple iPhone14 Pro Max Animal dessert party niche cute silicone Blue,"₦ 8,379","₦ 8,526",,
758,,Apple iPhone 12 Pro Max Animal dessert party niche cute silicone Milk yellow,"₦ 8,379","₦ 8,526",,
759,,Apple iPhone14 Pro Pink Bow Girl Feather Gauze Hard Pink,"₦ 8,379","₦ 8,526",,
760,,"Apple IPhone 13 Pro  6.7"" 128GB/6GB, Nano Sim - Green","₦ 1,000,000",,,
761,,"Apple IPhone 13 Pro  6.7"" 128GB/6GB, Nano Sim - Blue","₦ 950,000",,,
762,,Apple Lightning To USB Cable 2M (6.6FT) For Iphone,"₦ 18,900","₦ 24,000",,
763,,Apple Lightning To USB Cable 1M (3.3FT),"₦ 13,900","₦ 16,000",,
764,,Apple IPhone phone case space case transparent silicone anti drop soft case iPhone 6 Plus,"₦ 7,425","₦ 8,775",,
765,,Apple IPhone phone case space case transparent silicone anti drop soft case iPhone14 Pro Max,"₦ 7,425","₦ 8,775",,
766,,Apple IPhone phone case space case transparent silicone anti drop soft case iPhone 11,"₦ 7,425","₦ 8,775",,
767,,Apple IPhone phone case space case transparent silicone anti drop soft case iPhone Xr,"₦ 7,425","₦ 8,775",,
768,,Apple IPhone phone case space case transparent silicone anti drop soft case iPhone 13,"₦ 7,425","₦ 8,775",,
769,,Apple IPhone phone case space case transparent silicone anti drop soft case iPhone 12,"₦ 7,425","₦ 8,775",,
770,,Apple IPhone phone case space case transparent silicone anti drop soft case iPhone 12 Pro,"₦ 7,425","₦ 8,775",,
771,,Apple iPhone 12 Pro Max Animal dessert party niche cute silicone Blue,"₦ 8,379","₦ 8,526",,
772,,Apple iPhone14 Animal dessert party niche cute silicone Blue,"₦ 8,379","₦ 8,526",,
773,,Apple iPhone14 Pro Animal dessert party niche cute silicone Blue,"₦ 8,379","₦ 8,526",,
774,,Apple iPhone14 Max Pink Bow Girl Feather Gauze Hard Pink,"₦ 8,379","₦ 8,526",,
775,,Apple iPhone 12 Pro Animal dessert party niche cute silicone Milk yellow,"₦ 8,379","₦ 8,526",,
776,,Apple iPhone 11 Pro Animal dessert party niche cute silicone Milk yellow,"₦ 8,379","₦ 8,526",,
777,,Apple iPhone14 Max Animal dessert party niche cute silicone Blue,"₦ 8,379","₦ 8,526",,
778,,Apple iPhone 11 Pro Animal dessert party niche cute silicone Blue,"₦ 8,379","₦ 8,526",,
779,,Apple iPhone 12 Pro Max Pink Bow Girl Feather Gauze Hard Pink,"₦ 8,379","₦ 8,526",,
780,,Apple iPhone 12 Pink Bow Girl Feather Gauze Hard Pink,"₦ 8,379","₦ 8,526",,
781,,Apple iPhone13 Pro Max Animal dessert party niche cute silicone Milk yellow,"₦ 8,379","₦ 8,526",,
782,,Apple iPhone 12 Pro Animal dessert party niche cute silicone Blue,"₦ 8,379","₦ 8,526",,
783,,Apple iPhone13 Pro Animal dessert party niche cute silicone Milk yellow,"₦ 8,379","₦ 8,526",,
784,,Apple iPhone 12 Animal dessert party niche cute silicone Milk yellow,"₦ 8,379","₦ 8,526",,
785,,Apple iPhone14 Pink Bow Girl Feather Gauze Hard Pink,"₦ 8,379","₦ 8,526",,
786,,"Apple IPhone 11 Pro 5.8-Inch (4GB RAM, 256GB ROM),iOS 13, 4G LTE.","₦ 570,000",,,5 out of 5(2)
787,,"Apple Watch Ultra 2 GPS + Cellular, 49mm Titanium Case With Olive Alpine Loop - Large - 2023","₦ 1,300,999","₦ 2,999,999",,
788,,Apple Lightning To USB Cable For IPhone 1M (3.3FT),"₦ 13,900","₦ 16,000",,2.6 out of 5(5)
789,,"Apple IPhone 8 4.7-Inch HD (2GB,64GB ROM) IOS 11, 12MP + 7MP 4G Smartphone - Space Grey (MW18)","₦ 257,990","₦ 400,000",,5 out of 5(2)
790,,"Apple IPhone 8 4.7-Inch HD (2GB,64GB ROM) IOS 11, 12MP + 7MP 4G Smartphone - Gold (MW18)","₦ 410,000",,,5 out of 5(1)
